counterfactual_label,counterfactual_family,all_truth_case_count,target0_hit_count,target1_hit_count,target2_hit_count,mean_unique_truth_hit_count,failed_selector_case_count,median_required_selector_gain_to_choose_truth,max_required_selector_gain_to_choose_truth,dominant_loss_feature,dominant_loss_feature_case_count,component_balanced_weight,hybrid_span_component_weight,component_min_weight,span_prior_weight,signed_gap_prior_weight,center_prior_weight,rank_sum_weight,max_rank_weight
signed_gap_sweep_w2,signed_gap_sweep,3,6,5,10,1.75,9,0.1541958996372459,0.29570955686183975,signed_gap_prior_score,6,0.5,0.2,0.0,0.5,2.0,0.2,0.1,0.05
signed_gap_sweep_w3,signed_gap_sweep,3,6,5,10,1.75,9,0.1541958996372459,0.42054057769774544,signed_gap_prior_score,7,0.5,0.2,0.0,0.5,3.0,0.2,0.1,0.05
base_current,base,3,7,5,9,1.75,9,0.18097749906867877,0.5505405776977454,signed_gap_prior_score,7,0.5,0.2,0.0,0.5,4.0,0.2,0.1,0.05
center_sweep_w0.2,center_sweep,3,7,5,9,1.75,9,0.18097749906867877,0.5505405776977454,signed_gap_prior_score,7,0.5,0.2,0.0,0.5,4.0,0.2,0.1,0.05
component_sweep_w0.5,component_sweep,3,7,5,9,1.75,9,0.18097749906867877,0.5505405776977454,signed_gap_prior_score,7,0.5,0.2,0.0,0.5,4.0,0.2,0.1,0.05
hybrid_sweep_w0.2,hybrid_sweep,3,7,5,9,1.75,9,0.18097749906867877,0.5505405776977454,signed_gap_prior_score,7,0.5,0.2,0.0,0.5,4.0,0.2,0.1,0.05
rank_sweep_w0.1,rank_sweep,3,7,5,9,1.75,9,0.18097749906867877,0.5505405776977454,signed_gap_prior_score,7,0.5,0.2,0.0,0.5,4.0,0.2,0.1,0.05
signed_gap_sweep_w4,signed_gap_sweep,3,7,5,9,1.75,9,0.18097749906867877,0.5505405776977454,signed_gap_prior_score,7,0.5,0.2,0.0,0.5,4.0,0.2,0.1,0.05
span_sweep_w0.5,span_sweep,3,7,5,9,1.75,9,0.18097749906867877,0.5505405776977454,signed_gap_prior_score,7,0.5,0.2,0.0,0.5,4.0,0.2,0.1,0.05
center_sweep_w0.4,center_sweep,3,7,5,9,1.75,9,0.18097749906867877,0.5505405776977456,signed_gap_prior_score,7,0.5,0.2,0.0,0.5,4.0,0.4,0.1,0.05
component_sweep_w0.75,component_sweep,3,6,5,10,1.75,9,0.18292573404609702,0.5502206030578829,signed_gap_prior_score,7,0.75,0.2,0.0,0.5,4.0,0.2,0.1,0.05
rank_sweep_w0.2,rank_sweep,3,6,5,10,1.75,9,0.18669589963724587,0.568873911031079,signed_gap_prior_score,7,0.5,0.2,0.0,0.5,4.0,0.2,0.2,0.1
component_sweep_w1,component_sweep,3,6,5,10,1.75,9,0.18992947651958647,0.5647316492539256,signed_gap_prior_score,6,1.0,0.2,0.0,0.5,4.0,0.2,0.1,0.05
hybrid_sweep_w0.4,hybrid_sweep,3,6,5,10,1.75,9,0.22615822239215166,0.5458970213315939,signed_gap_prior_score,7,0.5,0.4,0.0,0.5,4.0,0.2,0.1,0.05
signed_gap_sweep_w1,signed_gap_sweep,3,6,5,9,1.6666666666666667,9,0.13355026780632362,0.23533137227839496,signed_gap_prior_score,4,0.5,0.2,0.0,0.5,1.0,0.2,0.1,0.05
ablation_drop_component_balanced,ablation,3,6,5,9,1.6666666666666667,9,0.17708102911384194,0.5565829223562067,signed_gap_prior_score,8,0.0,0.2,0.0,0.5,4.0,0.2,0.1,0.05
component_sweep_w0,component_sweep,3,6,5,9,1.6666666666666667,9,0.17708102911384194,0.5565829223562067,signed_gap_prior_score,8,0.0,0.2,0.0,0.5,4.0,0.2,0.1,0.05
component_sweep_w0.25,component_sweep,3,6,5,9,1.6666666666666667,9,0.17902926409126052,0.5535617500269763,signed_gap_prior_score,8,0.25,0.2,0.0,0.5,4.0,0.2,0.1,0.05
rank_sweep_w0.025,rank_sweep,3,7,5,8,1.6666666666666667,9,0.17972749906867902,0.5367905776977457,signed_gap_prior_score,8,0.5,0.2,0.0,0.5,4.0,0.2,0.025,0.0125
rank_sweep_w0.05,rank_sweep,3,7,5,8,1.6666666666666667,9,0.18014416573534553,0.5413739110310789,signed_gap_prior_score,8,0.5,0.2,0.0,0.5,4.0,0.2,0.05,0.025
ablation_drop_center_prior,ablation,3,6,5,9,1.6666666666666667,9,0.18097749906867877,0.5505405776977456,signed_gap_prior_score,7,0.5,0.2,0.0,0.5,4.0,0.0,0.1,0.05
center_sweep_w0,center_sweep,3,6,5,9,1.6666666666666667,9,0.18097749906867877,0.5505405776977456,signed_gap_prior_score,7,0.5,0.2,0.0,0.5,4.0,0.0,0.1,0.05
center_sweep_w0.1,center_sweep,3,6,5,9,1.6666666666666667,9,0.18097749906867877,0.5505405776977456,signed_gap_prior_score,7,0.5,0.2,0.0,0.5,4.0,0.1,0.1,0.05
signed_gap_sweep_w6,signed_gap_sweep,3,7,5,8,1.6666666666666667,9,0.26097749906867884,0.8105405776977456,signed_gap_prior_score,8,0.5,0.2,0.0,0.5,6.0,0.2,0.1,0.05
signed_gap_sweep_w8,signed_gap_sweep,3,8,4,7,1.5833333333333333,9,0.340977499068679,1.0705405776977455,signed_gap_prior_score,8,0.5,0.2,0.0,0.5,8.0,0.2,0.1,0.05
signed_gap_sweep_w12,signed_gap_sweep,3,8,4,7,1.5833333333333333,9,0.500977499068679,1.590540577697746,signed_gap_prior_score,8,0.5,0.2,0.0,0.5,12.0,0.2,0.1,0.05
span_sweep_w0.75,span_sweep,2,7,5,8,1.6666666666666667,10,0.17008669935296228,0.5630405776977456,signed_gap_prior_score,7,0.5,0.2,0.0,0.75,4.0,0.2,0.1,0.05
signed_gap_sweep_w0.5,signed_gap_sweep,2,6,4,9,1.5833333333333333,10,0.09269491061877844,0.22533137227839495,signed_gap_prior_score,4,0.5,0.2,0.0,0.5,0.5,0.2,0.1,0.05
ablation_drop_hybrid_component,ablation,2,7,5,7,1.5833333333333333,10,0.13548374076304448,0.5572909886748727,signed_gap_prior_score,8,0.5,0.0,0.0,0.5,4.0,0.2,0.1,0.05
hybrid_sweep_w0,hybrid_sweep,2,7,5,7,1.5833333333333333,10,0.13548374076304448,0.5572909886748727,signed_gap_prior_score,8,0.5,0.0,0.0,0.5,4.0,0.2,0.1,0.05
hybrid_sweep_w0.1,hybrid_sweep,2,7,5,7,1.5833333333333333,10,0.14574252805244237,0.5539157831863095,signed_gap_prior_score,8,0.5,0.1,0.0,0.5,4.0,0.2,0.1,0.05
ablation_drop_rank_penalty,ablation,2,7,5,7,1.5833333333333333,10,0.1505033660196291,0.5322072443644122,signed_gap_prior_score,8,0.5,0.2,0.0,0.5,4.0,0.2,0.0,0.0
rank_sweep_w0,rank_sweep,2,7,5,7,1.5833333333333333,10,0.1505033660196291,0.5322072443644122,signed_gap_prior_score,8,0.5,0.2,0.0,0.5,4.0,0.2,0.0,0.0
span_sweep_w1,span_sweep,2,7,5,7,1.5833333333333333,10,0.17258669935296234,0.5755405776977456,signed_gap_prior_score,7,0.5,0.2,0.0,1.0,4.0,0.2,0.1,0.05
span_sweep_w2,span_sweep,2,6,5,8,1.5833333333333333,10,0.18258669935296223,0.6255405776977454,signed_gap_prior_score,7,0.5,0.2,0.0,2.0,4.0,0.2,0.1,0.05
component_sweep_w1.5,component_sweep,2,5,4,10,1.5833333333333333,10,0.20721674619013974,0.5937537416460117,signed_gap_prior_score,5,1.5,0.2,0.0,0.5,4.0,0.2,0.1,0.05
rank_sweep_w0.4,rank_sweep,2,5,4,10,1.5833333333333333,10,0.21883669935296246,0.6055405776977456,signed_gap_prior_score,5,0.5,0.2,0.0,0.5,4.0,0.2,0.4,0.2
component_sweep_w2,component_sweep,2,5,4,10,1.5833333333333333,10,0.22703176960872873,0.6227758340380976,score_component_balanced,6,2.0,0.2,0.0,0.5,4.0,0.2,0.1,0.05
span_sweep_w0.25,span_sweep,2,5,4,9,1.5,10,0.16508669935296238,0.5380405776977457,signed_gap_prior_score,7,0.5,0.2,0.0,0.25,4.0,0.2,0.1,0.05
hybrid_sweep_w0.8,hybrid_sweep,2,5,4,9,1.5,10,0.3001035954144293,0.5662719502711018,signed_gap_prior_score,5,0.5,0.8,0.0,0.5,4.0,0.2,0.1,0.05
ablation_drop_span_prior,ablation,2,6,3,7,1.3333333333333333,10,0.16258669935296233,0.5257095568618398,signed_gap_prior_score,8,0.5,0.2,0.0,0.0,4.0,0.2,0.1,0.05
span_sweep_w0,span_sweep,2,6,3,7,1.3333333333333333,10,0.16258669935296233,0.5257095568618398,signed_gap_prior_score,8,0.5,0.2,0.0,0.0,4.0,0.2,0.1,0.05
ablation_drop_signed_gap_prior,ablation,1,6,3,5,1.1666666666666667,11,0.06211343051621743,0.2408613382757916,score_hybrid_span_component,6,0.5,0.2,0.0,0.5,0.0,0.2,0.1,0.05
signed_gap_sweep_w0,signed_gap_sweep,1,6,3,5,1.1666666666666667,11,0.06211343051621743,0.2408613382757916,score_hybrid_span_component,6,0.5,0.2,0.0,0.5,0.0,0.2,0.1,0.05
