source_label,source_path,evidence_scope,family,spacing_mm,source_count,tx_rx_offset_mm,seed,case_label,case_kind,run_name,best_x_mm,best_z_mm,best_radius_mm,truth_x_mm,truth_z_mm,truth_radius_mm,x_abs_error_mm,radius_abs_error_mm,truth_geometry,confidence_label,radius_margin_abs,best_misfit,ambiguity_x_width_mm,ambiguity_radius_width_mm
close50_txrx40_source3_4_5_three_seed_synthesis,outputs/summary_tables/099_close50_source_count_replicate_synthesis/data/close50_source_count_replicate_rows.csv,matched_source_count_transition,close50,50.0,3,40.0,34,noise10_seed34,nominal,274_coordinate_optimizer_close50_seed34_sources3_txrx40_objectives,299.0,90.0,7.5,300.0,90.0,8.0,1.0,0.5,False,weak,0.0001759812049263107,0.02665525016318794,,
close50_txrx40_source3_4_5_three_seed_synthesis,outputs/summary_tables/099_close50_source_count_replicate_synthesis/data/close50_source_count_replicate_rows.csv,matched_source_count_transition,close50,50.0,3,40.0,34,source_mismatch_noise10_seed34,source_mismatch,274_coordinate_optimizer_close50_seed34_sources3_txrx40_objectives,299.0,90.0,7.5,300.0,90.0,8.0,1.0,0.5,False,weak,0.00017558398695450075,0.028529334038008787,,
close50_txrx40_source3_4_5_three_seed_synthesis,outputs/summary_tables/099_close50_source_count_replicate_synthesis/data/close50_source_count_replicate_rows.csv,matched_source_count_transition,close50,50.0,3,40.0,13,noise10_seed13,nominal,1344_coordinate_optimizer_close50_seed13_sources3_txrx40_objectives,299.0,90.0,7.5,300.0,90.0,8.0,1.0,0.5,False,weak,8.025390785479022e-05,0.02626488452108491,,
close50_txrx40_source3_4_5_three_seed_synthesis,outputs/summary_tables/099_close50_source_count_replicate_synthesis/data/close50_source_count_replicate_rows.csv,matched_source_count_transition,close50,50.0,3,40.0,13,source_mismatch_noise10_seed13,source_mismatch,1344_coordinate_optimizer_close50_seed13_sources3_txrx40_objectives,299.0,90.0,7.5,300.0,90.0,8.0,1.0,0.5,False,weak,4.7176367565526095e-05,0.02800389625580528,,
close50_txrx40_source3_4_5_three_seed_synthesis,outputs/summary_tables/099_close50_source_count_replicate_synthesis/data/close50_source_count_replicate_rows.csv,matched_source_count_transition,close50,50.0,3,40.0,21,noise10_seed21,nominal,1345_coordinate_optimizer_close50_seed21_sources3_txrx40_objectives,299.0,90.0,7.5,300.0,90.0,8.0,1.0,0.5,False,weak,0.000153314441099877,0.026097935603904214,,
close50_txrx40_source3_4_5_three_seed_synthesis,outputs/summary_tables/099_close50_source_count_replicate_synthesis/data/close50_source_count_replicate_rows.csv,matched_source_count_transition,close50,50.0,3,40.0,21,source_mismatch_noise10_seed21,source_mismatch,1345_coordinate_optimizer_close50_seed21_sources3_txrx40_objectives,299.0,90.0,7.5,300.0,90.0,8.0,1.0,0.5,False,weak,3.792580948191668e-05,0.028377767079590603,,
close50_txrx40_source3_4_5_three_seed_synthesis,outputs/summary_tables/099_close50_source_count_replicate_synthesis/data/close50_source_count_replicate_rows.csv,matched_source_count_transition,close50,50.0,4,40.0,34,noise10_seed34,nominal,276_coordinate_optimizer_close50_seed34_sources4_txrx40_objectives,300.0,90.0,8.0,300.0,90.0,8.0,0.0,0.0,True,strong,0.004817171324461536,0.05281000588977099,,
close50_txrx40_source3_4_5_three_seed_synthesis,outputs/summary_tables/099_close50_source_count_replicate_synthesis/data/close50_source_count_replicate_rows.csv,matched_source_count_transition,close50,50.0,4,40.0,34,source_mismatch_noise10_seed34,source_mismatch,276_coordinate_optimizer_close50_seed34_sources4_txrx40_objectives,300.0,90.0,8.0,300.0,90.0,8.0,0.0,0.0,True,strong,0.007700377542648393,0.06346138534023879,,
close50_txrx40_source3_4_5_three_seed_synthesis,outputs/summary_tables/099_close50_source_count_replicate_synthesis/data/close50_source_count_replicate_rows.csv,matched_source_count_transition,close50,50.0,4,40.0,13,noise10_seed13,nominal,278_coordinate_optimizer_close50_seed13_sources4_txrx40_objectives,300.0,90.0,8.0,300.0,90.0,8.0,0.0,0.0,True,strong,0.005078777727990848,0.05355040898359429,,
close50_txrx40_source3_4_5_three_seed_synthesis,outputs/summary_tables/099_close50_source_count_replicate_synthesis/data/close50_source_count_replicate_rows.csv,matched_source_count_transition,close50,50.0,4,40.0,13,source_mismatch_noise10_seed13,source_mismatch,278_coordinate_optimizer_close50_seed13_sources4_txrx40_objectives,300.0,90.0,8.0,300.0,90.0,8.0,0.0,0.0,True,strong,0.008141370787019708,0.06380752970976468,,
close50_txrx40_source3_4_5_three_seed_synthesis,outputs/summary_tables/099_close50_source_count_replicate_synthesis/data/close50_source_count_replicate_rows.csv,matched_source_count_transition,close50,50.0,4,40.0,21,noise10_seed21,nominal,279_coordinate_optimizer_close50_seed21_sources4_txrx40_objectives,300.0,90.0,8.0,300.0,90.0,8.0,0.0,0.0,True,strong,0.004873559052777587,0.052366153608804436,,
close50_txrx40_source3_4_5_three_seed_synthesis,outputs/summary_tables/099_close50_source_count_replicate_synthesis/data/close50_source_count_replicate_rows.csv,matched_source_count_transition,close50,50.0,4,40.0,21,source_mismatch_noise10_seed21,source_mismatch,279_coordinate_optimizer_close50_seed21_sources4_txrx40_objectives,300.0,90.0,8.0,300.0,90.0,8.0,0.0,0.0,True,strong,0.007650702982788193,0.06459629379748377,,
close50_txrx40_source3_4_5_three_seed_synthesis,outputs/summary_tables/099_close50_source_count_replicate_synthesis/data/close50_source_count_replicate_rows.csv,matched_source_count_transition,close50,50.0,5,40.0,34,noise10_seed34,nominal,,300.0,90.0,8.0,300.0,90.0,8.0,0.0,0.0,True,strong,0.0023560651198494195,,,
close50_txrx40_source3_4_5_three_seed_synthesis,outputs/summary_tables/099_close50_source_count_replicate_synthesis/data/close50_source_count_replicate_rows.csv,matched_source_count_transition,close50,50.0,5,40.0,34,source_mismatch_noise10_seed34,source_mismatch,,300.0,90.0,8.0,300.0,90.0,8.0,0.0,0.0,True,strong,0.0031103868687146624,,,
close50_txrx40_source3_4_5_three_seed_synthesis,outputs/summary_tables/099_close50_source_count_replicate_synthesis/data/close50_source_count_replicate_rows.csv,matched_source_count_transition,close50,50.0,5,40.0,13,noise10_seed13,nominal,,300.0,90.0,8.0,300.0,90.0,8.0,0.0,0.0,True,strong,0.0025742044255295873,,,
close50_txrx40_source3_4_5_three_seed_synthesis,outputs/summary_tables/099_close50_source_count_replicate_synthesis/data/close50_source_count_replicate_rows.csv,matched_source_count_transition,close50,50.0,5,40.0,13,source_mismatch_noise10_seed13,source_mismatch,,300.0,90.0,8.0,300.0,90.0,8.0,0.0,0.0,True,strong,0.0033761133113041145,,,
close50_txrx40_source3_4_5_three_seed_synthesis,outputs/summary_tables/099_close50_source_count_replicate_synthesis/data/close50_source_count_replicate_rows.csv,matched_source_count_transition,close50,50.0,5,40.0,21,noise10_seed21,nominal,,300.0,90.0,8.0,300.0,90.0,8.0,0.0,0.0,True,strong,0.0025465102606929413,,,
close50_txrx40_source3_4_5_three_seed_synthesis,outputs/summary_tables/099_close50_source_count_replicate_synthesis/data/close50_source_count_replicate_rows.csv,matched_source_count_transition,close50,50.0,5,40.0,21,source_mismatch_noise10_seed21,source_mismatch,,300.0,90.0,8.0,300.0,90.0,8.0,0.0,0.0,True,strong,0.0033174471086727386,,,
close25_sources4_txrx40_three_seed,outputs/experiments/310_coordinate_confidence_close25_sources4_txrx40_seed_replicates/data/coordinate_confidence_aggregate.csv,three_seed_source4_context,close25,25.0,4,40.0,34,noise10_seed34,nominal,coordinate_optimizer_close25_seed34_sources4_txrx40_objectives,275.0,90.0,8.0,275.0,90.0,8.0,0.0,0.0,True,moderate,0.0006320882682502027,0.051118564187336124,1.0,0.5
close25_sources4_txrx40_three_seed,outputs/experiments/310_coordinate_confidence_close25_sources4_txrx40_seed_replicates/data/coordinate_confidence_aggregate.csv,three_seed_source4_context,close25,25.0,4,40.0,34,source_mismatch_noise10_seed34,source_mismatch,coordinate_optimizer_close25_seed34_sources4_txrx40_objectives,275.0,90.0,8.0,275.0,90.0,8.0,0.0,0.0,True,strong,0.001889269332980864,0.07264044145254722,0.0,0.0
close25_sources4_txrx40_three_seed,outputs/experiments/310_coordinate_confidence_close25_sources4_txrx40_seed_replicates/data/coordinate_confidence_aggregate.csv,three_seed_source4_context,close25,25.0,4,40.0,13,noise10_seed13,nominal,coordinate_optimizer_close25_seed13_sources4_txrx40_objectives,275.0,90.0,8.0,275.0,90.0,8.0,0.0,0.0,True,moderate,0.0006942962496388067,0.05156148285349292,1.0,0.5
close25_sources4_txrx40_three_seed,outputs/experiments/310_coordinate_confidence_close25_sources4_txrx40_seed_replicates/data/coordinate_confidence_aggregate.csv,three_seed_source4_context,close25,25.0,4,40.0,13,source_mismatch_noise10_seed13,source_mismatch,coordinate_optimizer_close25_seed13_sources4_txrx40_objectives,275.0,90.0,8.0,275.0,90.0,8.0,0.0,0.0,True,strong,0.001667293996141725,0.07323445730477561,0.0,0.0
close25_sources4_txrx40_three_seed,outputs/experiments/310_coordinate_confidence_close25_sources4_txrx40_seed_replicates/data/coordinate_confidence_aggregate.csv,three_seed_source4_context,close25,25.0,4,40.0,21,noise10_seed21,nominal,coordinate_optimizer_close25_seed21_sources4_txrx40_objectives,275.0,90.0,8.0,275.0,90.0,8.0,0.0,0.0,True,weak,0.0004881751262418438,0.05060379462813648,1.0,0.5
close25_sources4_txrx40_three_seed,outputs/experiments/310_coordinate_confidence_close25_sources4_txrx40_seed_replicates/data/coordinate_confidence_aggregate.csv,three_seed_source4_context,close25,25.0,4,40.0,21,source_mismatch_noise10_seed21,source_mismatch,coordinate_optimizer_close25_seed21_sources4_txrx40_objectives,275.0,90.0,8.0,275.0,90.0,8.0,0.0,0.0,True,strong,0.0014287312570640809,0.07394103139190678,0.0,0.0
close25_sources4_txrx45_three_seed,outputs/experiments/323_coordinate_confidence_close25_sources4_txrx45_seed_replicates/data/coordinate_confidence_aggregate.csv,three_seed_source4_context,close25,25.0,4,45.0,34,noise10_seed34,nominal,coordinate_optimizer_close25_seed34_sources4_txrx45_objectives,275.0,90.0,8.0,275.0,90.0,8.0,0.0,0.0,True,strong,0.0025795900957691006,0.04017937737653055,0.0,0.0
close25_sources4_txrx45_three_seed,outputs/experiments/323_coordinate_confidence_close25_sources4_txrx45_seed_replicates/data/coordinate_confidence_aggregate.csv,three_seed_source4_context,close25,25.0,4,45.0,34,source_mismatch_noise10_seed34,source_mismatch,coordinate_optimizer_close25_seed34_sources4_txrx45_objectives,275.0,90.0,8.0,275.0,90.0,8.0,0.0,0.0,True,strong,0.005021892405296907,0.06595007610897269,0.0,0.0
close25_sources4_txrx45_three_seed,outputs/experiments/323_coordinate_confidence_close25_sources4_txrx45_seed_replicates/data/coordinate_confidence_aggregate.csv,three_seed_source4_context,close25,25.0,4,45.0,13,noise10_seed13,nominal,coordinate_optimizer_close25_seed13_sources4_txrx45_objectives,275.0,90.0,8.0,275.0,90.0,8.0,0.0,0.0,True,strong,0.002660967129650582,0.040504127783231744,0.0,0.0
close25_sources4_txrx45_three_seed,outputs/experiments/323_coordinate_confidence_close25_sources4_txrx45_seed_replicates/data/coordinate_confidence_aggregate.csv,three_seed_source4_context,close25,25.0,4,45.0,13,source_mismatch_noise10_seed13,source_mismatch,coordinate_optimizer_close25_seed13_sources4_txrx45_objectives,275.0,90.0,8.0,275.0,90.0,8.0,0.0,0.0,True,strong,0.00445982946617382,0.06669332934266486,0.0,0.0
close25_sources4_txrx45_three_seed,outputs/experiments/323_coordinate_confidence_close25_sources4_txrx45_seed_replicates/data/coordinate_confidence_aggregate.csv,three_seed_source4_context,close25,25.0,4,45.0,21,noise10_seed21,nominal,coordinate_optimizer_close25_seed21_sources4_txrx45_objectives,275.0,90.0,8.0,275.0,90.0,8.0,0.0,0.0,True,strong,0.0025074860351216866,0.03967528139392505,0.0,0.0
close25_sources4_txrx45_three_seed,outputs/experiments/323_coordinate_confidence_close25_sources4_txrx45_seed_replicates/data/coordinate_confidence_aggregate.csv,three_seed_source4_context,close25,25.0,4,45.0,21,source_mismatch_noise10_seed21,source_mismatch,coordinate_optimizer_close25_seed21_sources4_txrx45_objectives,275.0,90.0,8.0,275.0,90.0,8.0,0.0,0.0,True,strong,0.004658252622167708,0.06707804562107186,0.0,0.0
close28_sources4_txrx35_three_seed,outputs/experiments/314_coordinate_confidence_close28_sources4_txrx35_seed_replicates/data/coordinate_confidence_aggregate.csv,three_seed_source4_context,close28,28.0,4,35.0,34,noise10_seed34,nominal,coordinate_optimizer_close28_seed34_sources4_txrx35_objectives,278.0,90.0,8.0,278.0,90.0,8.0,0.0,0.0,True,weak,0.0004530240828705401,0.06632073920678827,1.0,0.5
close28_sources4_txrx35_three_seed,outputs/experiments/314_coordinate_confidence_close28_sources4_txrx35_seed_replicates/data/coordinate_confidence_aggregate.csv,three_seed_source4_context,close28,28.0,4,35.0,34,source_mismatch_noise10_seed34,source_mismatch,coordinate_optimizer_close28_seed34_sources4_txrx35_objectives,278.0,90.0,8.0,278.0,90.0,8.0,0.0,0.0,True,strong,0.0017356425550892618,0.0809855814090509,0.0,0.0
close28_sources4_txrx35_three_seed,outputs/experiments/314_coordinate_confidence_close28_sources4_txrx35_seed_replicates/data/coordinate_confidence_aggregate.csv,three_seed_source4_context,close28,28.0,4,35.0,13,noise10_seed13,nominal,coordinate_optimizer_close28_seed13_sources4_txrx35_objectives,278.0,90.0,8.0,278.0,90.0,8.0,0.0,0.0,True,moderate,0.0005832394546896047,0.06692946350825939,1.0,0.5
close28_sources4_txrx35_three_seed,outputs/experiments/314_coordinate_confidence_close28_sources4_txrx35_seed_replicates/data/coordinate_confidence_aggregate.csv,three_seed_source4_context,close28,28.0,4,35.0,13,source_mismatch_noise10_seed13,source_mismatch,coordinate_optimizer_close28_seed13_sources4_txrx35_objectives,278.0,90.0,8.0,278.0,90.0,8.0,0.0,0.0,True,strong,0.0013972842632876542,0.08153275423441425,0.0,0.0
close28_sources4_txrx35_three_seed,outputs/experiments/314_coordinate_confidence_close28_sources4_txrx35_seed_replicates/data/coordinate_confidence_aggregate.csv,three_seed_source4_context,close28,28.0,4,35.0,21,noise10_seed21,nominal,coordinate_optimizer_close28_seed21_sources4_txrx35_objectives,278.0,90.0,8.0,278.0,90.0,8.0,0.0,0.0,True,weak,0.00028268910325753016,0.06588083874907795,1.0,0.5
close28_sources4_txrx35_three_seed,outputs/experiments/314_coordinate_confidence_close28_sources4_txrx35_seed_replicates/data/coordinate_confidence_aggregate.csv,three_seed_source4_context,close28,28.0,4,35.0,21,source_mismatch_noise10_seed21,source_mismatch,coordinate_optimizer_close28_seed21_sources4_txrx35_objectives,278.0,90.0,8.0,278.0,90.0,8.0,0.0,0.0,True,strong,0.0015021756042740975,0.08231951711396673,0.0,0.0
close28_sources4_txrx45_three_seed,outputs/experiments/319_coordinate_confidence_close28_sources4_txrx45_seed_replicates/data/coordinate_confidence_aggregate.csv,three_seed_source4_context,close28,28.0,4,45.0,34,noise10_seed34,nominal,coordinate_optimizer_close28_seed34_sources4_txrx45_objectives,278.0,90.0,8.0,278.0,90.0,8.0,0.0,0.0,True,strong,0.0022505580349971993,0.04123131603768281,0.0,0.0
close28_sources4_txrx45_three_seed,outputs/experiments/319_coordinate_confidence_close28_sources4_txrx45_seed_replicates/data/coordinate_confidence_aggregate.csv,three_seed_source4_context,close28,28.0,4,45.0,34,source_mismatch_noise10_seed34,source_mismatch,coordinate_optimizer_close28_seed34_sources4_txrx45_objectives,278.0,90.0,8.0,278.0,90.0,8.0,0.0,0.0,True,strong,0.004467397555517075,0.06838084679143445,0.0,0.0
close28_sources4_txrx45_three_seed,outputs/experiments/319_coordinate_confidence_close28_sources4_txrx45_seed_replicates/data/coordinate_confidence_aggregate.csv,three_seed_source4_context,close28,28.0,4,45.0,13,noise10_seed13,nominal,coordinate_optimizer_close28_seed13_sources4_txrx45_objectives,278.0,90.0,8.0,278.0,90.0,8.0,0.0,0.0,True,strong,0.0022640063947364023,0.04154399374991961,0.0,0.0
close28_sources4_txrx45_three_seed,outputs/experiments/319_coordinate_confidence_close28_sources4_txrx45_seed_replicates/data/coordinate_confidence_aggregate.csv,three_seed_source4_context,close28,28.0,4,45.0,13,source_mismatch_noise10_seed13,source_mismatch,coordinate_optimizer_close28_seed13_sources4_txrx45_objectives,278.0,90.0,8.0,278.0,90.0,8.0,0.0,0.0,True,strong,0.003925377981909922,0.06918555466545191,0.0,0.0
close28_sources4_txrx45_three_seed,outputs/experiments/319_coordinate_confidence_close28_sources4_txrx45_seed_replicates/data/coordinate_confidence_aggregate.csv,three_seed_source4_context,close28,28.0,4,45.0,21,noise10_seed21,nominal,coordinate_optimizer_close28_seed21_sources4_txrx45_objectives,278.0,90.0,8.0,278.0,90.0,8.0,0.0,0.0,True,strong,0.002182033026921236,0.0407032813638046,0.0,0.0
close28_sources4_txrx45_three_seed,outputs/experiments/319_coordinate_confidence_close28_sources4_txrx45_seed_replicates/data/coordinate_confidence_aggregate.csv,three_seed_source4_context,close28,28.0,4,45.0,21,source_mismatch_noise10_seed21,source_mismatch,coordinate_optimizer_close28_seed21_sources4_txrx45_objectives,278.0,90.0,8.0,278.0,90.0,8.0,0.0,0.0,True,strong,0.004156162238102487,0.06948409008577744,0.0,0.0
close14_sources4_txrx45_three_seed,outputs/experiments/335_coordinate_confidence_close14_sources4_txrx45_seed_replicates/data/coordinate_confidence_aggregate.csv,three_seed_source4_context,close14,14.0,4,45.0,34,noise10_seed34,nominal,coordinate_optimizer_close14_seed34_sources4_txrx45_objectives,264.0,90.0,8.0,264.0,90.0,8.0,0.0,0.0,True,strong,0.0026954564365127623,0.039205058368558844,0.0,0.0
close14_sources4_txrx45_three_seed,outputs/experiments/335_coordinate_confidence_close14_sources4_txrx45_seed_replicates/data/coordinate_confidence_aggregate.csv,three_seed_source4_context,close14,14.0,4,45.0,34,source_mismatch_noise10_seed34,source_mismatch,coordinate_optimizer_close14_seed34_sources4_txrx45_objectives,264.0,90.0,8.0,264.0,90.0,8.0,0.0,0.0,True,strong,0.005272992251591863,0.06329205251744656,0.0,0.0
close14_sources4_txrx45_three_seed,outputs/experiments/335_coordinate_confidence_close14_sources4_txrx45_seed_replicates/data/coordinate_confidence_aggregate.csv,three_seed_source4_context,close14,14.0,4,45.0,13,noise10_seed13,nominal,coordinate_optimizer_close14_seed13_sources4_txrx45_objectives,264.0,90.0,8.0,264.0,90.0,8.0,0.0,0.0,True,strong,0.002645545107288469,0.039634485230383674,0.0,0.0
close14_sources4_txrx45_three_seed,outputs/experiments/335_coordinate_confidence_close14_sources4_txrx45_seed_replicates/data/coordinate_confidence_aggregate.csv,three_seed_source4_context,close14,14.0,4,45.0,13,source_mismatch_noise10_seed13,source_mismatch,coordinate_optimizer_close14_seed13_sources4_txrx45_objectives,264.0,90.0,8.0,264.0,90.0,8.0,0.0,0.0,True,strong,0.005399057784606906,0.06379330193055897,0.0,0.0
close14_sources4_txrx45_three_seed,outputs/experiments/335_coordinate_confidence_close14_sources4_txrx45_seed_replicates/data/coordinate_confidence_aggregate.csv,three_seed_source4_context,close14,14.0,4,45.0,21,noise10_seed21,nominal,coordinate_optimizer_close14_seed21_sources4_txrx45_objectives,264.0,90.0,8.0,264.0,90.0,8.0,0.0,0.0,True,strong,0.002573550414975867,0.03879052565897886,0.0,0.0
close14_sources4_txrx45_three_seed,outputs/experiments/335_coordinate_confidence_close14_sources4_txrx45_seed_replicates/data/coordinate_confidence_aggregate.csv,three_seed_source4_context,close14,14.0,4,45.0,21,source_mismatch_noise10_seed21,source_mismatch,coordinate_optimizer_close14_seed21_sources4_txrx45_objectives,264.0,90.0,8.0,264.0,90.0,8.0,0.0,0.0,True,strong,0.005283582820183277,0.06427266876250502,0.0,0.0
close14_sources3_txrx45_seed34,outputs/experiments/336_coordinate_optimizer_close14_seed34_sources3_txrx45_objectives/data/coordinate_confidence_report.csv,three_seed_source3_near_exact_context,close14,14.0,3,45.0,34,noise10_seed34,nominal,coordinate_optimizer_close14_seed34_sources3_txrx45_objectives,264.0,90.0,8.0,264.0,90.0,8.0,0.0,0.0,True,strong,0.0031885508702488574,0.03306174001543383,1.0,0.0
close14_sources3_txrx45_seed34,outputs/experiments/336_coordinate_optimizer_close14_seed34_sources3_txrx45_objectives/data/coordinate_confidence_report.csv,three_seed_source3_near_exact_context,close14,14.0,3,45.0,34,source_mismatch_noise10_seed34,source_mismatch,coordinate_optimizer_close14_seed34_sources3_txrx45_objectives,265.0,90.0,8.0,264.0,90.0,8.0,1.0,0.0,False,strong,0.0035496259256743504,0.04397935722156662,1.0,0.0
close14_sources3_txrx45_seed13,outputs/experiments/1346_coordinate_optimizer_close14_seed13_sources3_txrx45_objectives/data/coordinate_confidence_report.csv,three_seed_source3_near_exact_context,close14,14.0,3,45.0,13,noise10_seed13,nominal,coordinate_optimizer_close14_seed13_sources3_txrx45_objectives,264.0,90.0,8.0,264.0,90.0,8.0,0.0,0.0,True,strong,0.002948119127519813,0.032793988249018115,2.0,0.0
close14_sources3_txrx45_seed13,outputs/experiments/1346_coordinate_optimizer_close14_seed13_sources3_txrx45_objectives/data/coordinate_confidence_report.csv,three_seed_source3_near_exact_context,close14,14.0,3,45.0,13,source_mismatch_noise10_seed13,source_mismatch,coordinate_optimizer_close14_seed13_sources3_txrx45_objectives,264.0,90.0,8.0,264.0,90.0,8.0,0.0,0.0,True,strong,0.003957909526744248,0.04341091139649096,1.0,0.0
close14_sources3_txrx45_seed21,outputs/experiments/1347_coordinate_optimizer_close14_seed21_sources3_txrx45_objectives/data/coordinate_confidence_report.csv,three_seed_source3_near_exact_context,close14,14.0,3,45.0,21,noise10_seed21,nominal,coordinate_optimizer_close14_seed21_sources3_txrx45_objectives,264.0,90.0,8.0,264.0,90.0,8.0,0.0,0.0,True,strong,0.003300999445217688,0.03240618754491203,1.0,0.0
close14_sources3_txrx45_seed21,outputs/experiments/1347_coordinate_optimizer_close14_seed21_sources3_txrx45_objectives/data/coordinate_confidence_report.csv,three_seed_source3_near_exact_context,close14,14.0,3,45.0,21,source_mismatch_noise10_seed21,source_mismatch,coordinate_optimizer_close14_seed21_sources3_txrx45_objectives,264.0,90.0,8.0,264.0,90.0,8.0,0.0,0.0,True,strong,0.003853740857324782,0.043916122180962254,1.0,0.0
close14_sources4_5_7_txrx45_seed34_noise_boundary,outputs/experiments/356_coordinate_confidence_close14_seed34_noise15p361328125_sources4_5_7_aggregate/data/coordinate_confidence_aggregate.csv,single_seed_source_count_noise_boundary_context,close14,14.0,4,45.0,34,noise15p361328125_seed34,nominal,coordinate_optimizer_close14_seed34_sources4_txrx45_noise15p361328125_objectives,264.0,90.0,8.0,264.0,90.0,8.0,0.0,0.0,True,strong,0.002580073287529114,0.07729716121027926,1.0,0.0
close14_sources4_5_7_txrx45_seed34_noise_boundary,outputs/experiments/356_coordinate_confidence_close14_seed34_noise15p361328125_sources4_5_7_aggregate/data/coordinate_confidence_aggregate.csv,single_seed_source_count_noise_boundary_context,close14,14.0,4,45.0,34,source_mismatch_noise15p361328125_seed34,source_mismatch,coordinate_optimizer_close14_seed34_sources4_txrx45_noise15p361328125_objectives,264.0,90.0,8.0,264.0,90.0,8.0,0.0,0.0,True,strong,0.004942514564128586,0.11916292571960159,0.0,0.0
close14_sources4_5_7_txrx45_seed34_noise_boundary,outputs/experiments/356_coordinate_confidence_close14_seed34_noise15p361328125_sources4_5_7_aggregate/data/coordinate_confidence_aggregate.csv,single_seed_source_count_noise_boundary_context,close14,14.0,5,45.0,34,noise15p361328125_seed34,nominal,coordinate_optimizer_close14_seed34_sources5_txrx45_noise15p361328125_objectives,264.0,90.0,8.0,264.0,90.0,8.0,0.0,0.0,True,strong,0.001499984906299226,0.06933381807787915,1.0,0.0
close14_sources4_5_7_txrx45_seed34_noise_boundary,outputs/experiments/356_coordinate_confidence_close14_seed34_noise15p361328125_sources4_5_7_aggregate/data/coordinate_confidence_aggregate.csv,single_seed_source_count_noise_boundary_context,close14,14.0,5,45.0,34,source_mismatch_noise15p361328125_seed34,source_mismatch,coordinate_optimizer_close14_seed34_sources5_txrx45_noise15p361328125_objectives,264.0,90.0,8.0,264.0,90.0,8.0,0.0,0.0,True,strong,0.002449866917730581,0.08776370660409168,1.0,0.0
close14_sources4_5_7_txrx45_seed34_noise_boundary,outputs/experiments/356_coordinate_confidence_close14_seed34_noise15p361328125_sources4_5_7_aggregate/data/coordinate_confidence_aggregate.csv,single_seed_source_count_noise_boundary_context,close14,14.0,7,45.0,34,noise15p361328125_seed34,nominal,coordinate_optimizer_close14_seed34_sources7_txrx45_noise15p361328125_objectives,264.0,90.0,8.0,264.0,90.0,8.0,0.0,0.0,True,strong,0.0025572873912654004,0.06929916648198932,1.0,0.0
close14_sources4_5_7_txrx45_seed34_noise_boundary,outputs/experiments/356_coordinate_confidence_close14_seed34_noise15p361328125_sources4_5_7_aggregate/data/coordinate_confidence_aggregate.csv,single_seed_source_count_noise_boundary_context,close14,14.0,7,45.0,34,source_mismatch_noise15p361328125_seed34,source_mismatch,coordinate_optimizer_close14_seed34_sources7_txrx45_noise15p361328125_objectives,264.0,90.0,8.0,264.0,90.0,8.0,0.0,0.0,True,strong,0.004399314533652582,0.09363816936389732,0.0,0.0
close14_sources5_txrx45_three_seed_noise_boundary,outputs/experiments/1296_coordinate_confidence_close14_target2_sources5_txrx45_seed13_21_34_probe_aggregate/data/coordinate_confidence_aggregate.csv,three_seed_source5_noise_boundary_context,close14,14.0,5,45.0,13,noise15p361328125_seed13,nominal,coordinate_optimizer_close14_seed13_sources5_txrx45_noise15p361328125_objectives,264.0,90.0,8.0,264.0,90.0,8.0,0.0,0.0,True,strong,0.0020205623825978736,0.0708555391577564,1.0,0.0
close14_sources5_txrx45_three_seed_noise_boundary,outputs/experiments/1296_coordinate_confidence_close14_target2_sources5_txrx45_seed13_21_34_probe_aggregate/data/coordinate_confidence_aggregate.csv,three_seed_source5_noise_boundary_context,close14,14.0,5,45.0,13,source_mismatch_noise15p361328125_seed13,source_mismatch,coordinate_optimizer_close14_seed13_sources5_txrx45_noise15p361328125_objectives,264.0,90.0,8.0,264.0,90.0,8.0,0.0,0.0,True,strong,0.0024582808550777796,0.087896474371263,1.0,0.0
close14_sources5_txrx45_three_seed_noise_boundary,outputs/experiments/1296_coordinate_confidence_close14_target2_sources5_txrx45_seed13_21_34_probe_aggregate/data/coordinate_confidence_aggregate.csv,three_seed_source5_noise_boundary_context,close14,14.0,5,45.0,21,noise15p361328125_seed21,nominal,coordinate_optimizer_close14_seed21_sources5_txrx45_noise15p361328125_objectives,264.0,90.0,8.0,264.0,90.0,8.0,0.0,0.0,True,strong,0.0018529287213179813,0.06873357877751843,1.0,0.0
close14_sources5_txrx45_three_seed_noise_boundary,outputs/experiments/1296_coordinate_confidence_close14_target2_sources5_txrx45_seed13_21_34_probe_aggregate/data/coordinate_confidence_aggregate.csv,three_seed_source5_noise_boundary_context,close14,14.0,5,45.0,21,source_mismatch_noise15p361328125_seed21,source_mismatch,coordinate_optimizer_close14_seed21_sources5_txrx45_noise15p361328125_objectives,264.0,90.0,8.0,264.0,90.0,8.0,0.0,0.0,True,strong,0.0023997652132344005,0.08817703081122093,1.0,0.0
close14_sources5_txrx45_three_seed_noise_boundary,outputs/experiments/1296_coordinate_confidence_close14_target2_sources5_txrx45_seed13_21_34_probe_aggregate/data/coordinate_confidence_aggregate.csv,three_seed_source5_noise_boundary_context,close14,14.0,5,45.0,34,noise15p361328125_seed34,nominal,coordinate_optimizer_close14_seed34_sources5_txrx45_noise15p361328125_objectives,264.0,90.0,8.0,264.0,90.0,8.0,0.0,0.0,True,strong,0.001499984906299226,0.06933381807787915,1.0,0.0
close14_sources5_txrx45_three_seed_noise_boundary,outputs/experiments/1296_coordinate_confidence_close14_target2_sources5_txrx45_seed13_21_34_probe_aggregate/data/coordinate_confidence_aggregate.csv,three_seed_source5_noise_boundary_context,close14,14.0,5,45.0,34,source_mismatch_noise15p361328125_seed34,source_mismatch,coordinate_optimizer_close14_seed34_sources5_txrx45_noise15p361328125_objectives,264.0,90.0,8.0,264.0,90.0,8.0,0.0,0.0,True,strong,0.002449866917730581,0.08776370660409168,1.0,0.0
