experiment,summary_path,backend,optimizer,frequencies_ghz,noise_fraction,noise_seed,objective_bandpass,objective_frequency_weights,grid_polish_enabled,grid_polish_evaluations,elapsed_time_s,best_misfit,nrms_data_primary,nrms_model,recovered_x_mm,recovered_z_mm,recovered_radius_mm,optimizer_radius_mm,true_x_mm,true_z_mm,true_radius_mm,x_error_mm,z_error_mm,radius_error_mm,nrccc_primary,max_rccc_primary,best_radius_mm,best_radius_misfit,next_radius_mm,next_radius_misfit,radius_margin_abs,radius_margin_rel
007_single_rebar_grid1mm_cli_smoke,outputs/experiments/007_single_rebar_grid1mm_cli_smoke/data/single_rebar_summary.json,gpu-cpml,powell,1.5,0.0,,,,False,,2.9371843338012695,0.09443592530715589,0.03132116706097048,0.04062419108192015,235.0,80.0,8.0,8.0,250.0,90.0,6.0,-15.0,-10.0,2.0,,,,,,,,
008_single_rebar_grid1mm_de_5src_60eval_bounded,outputs/experiments/008_single_rebar_grid1mm_de_5src_60eval_bounded/data/single_rebar_summary.json,gpu-cpml,differential-evolution,1.5,0.0,,,,False,,319.21903824806213,1.0447254550468363,0.17727007474552714,0.04036124857097422,105.74369762080745,127.80677212746008,7.829884242992174,7.829884242992174,250.0,90.0,6.0,-144.25630237919256,37.80677212746008,1.8298842429921738,,,,,,,,
009_single_rebar_grid1mm_powell_refine_from_2mm,outputs/experiments/009_single_rebar_grid1mm_powell_refine_from_2mm/data/single_rebar_summary.json,gpu-cpml,powell,1.5,0.0,,,,False,,266.6335904598236,0.0020827988702278406,0.007889618025377229,0.013453749523658073,249.5333604898392,90.65264829814728,6.954785108476757,6.954785108476757,250.0,90.0,6.0,-0.4666395101608032,0.6526482981472839,0.9547851084767567,,,,,,,,
014_single_rebar_grid1mm_gridpolish_from_run009,outputs/experiments/014_single_rebar_grid1mm_gridpolish_from_run009/data/single_rebar_summary.json,gpu-cpml,powell,1.5,0.0,,,,True,160,865.7372932434082,0.0,0.0,0.0,250.0,89.75,6.0,6.954785108476757,250.0,90.0,6.0,0.0,-0.25,0.0,,,,,,,,
015_single_rebar_grid1mm_powell_gridpolish_from_2mm,outputs/experiments/015_single_rebar_grid1mm_powell_gridpolish_from_2mm/data/single_rebar_summary.json,gpu-cpml,powell,1.5,0.0,,,,True,160,1123.6605968475342,0.0,0.0,0.0,250.0,89.75,6.0,6.954785108476757,250.0,90.0,6.0,0.0,-0.25,0.0,,,,,,,,
016_single_rebar_grid1mm_gridpolish_earlystop_from_run009,outputs/experiments/016_single_rebar_grid1mm_gridpolish_earlystop_from_run009/data/single_rebar_summary.json,gpu-cpml,powell,1.5,0.0,,,,True,1,15.841243743896484,0.0,0.0,0.0,250.0,89.75,6.0,6.954785108476757,250.0,90.0,6.0,0.0,-0.25,0.0,,,,,,,,
017_single_rebar_grid1mm_noise01_gridpolish,outputs/experiments/017_single_rebar_grid1mm_noise01_gridpolish/data/single_rebar_summary.json,gpu-cpml,powell,1.5,0.01,13,,,True,160,1119.4020609855652,0.0024832971353925103,0.010053607350588233,0.0,250.0,89.75,6.0,6.958360625181234,250.0,90.0,6.0,0.0,-0.25,0.0,,,,,,,,
018_single_rebar_grid1mm_noise05_gridpolish,outputs/experiments/018_single_rebar_grid1mm_noise05_gridpolish/data/single_rebar_summary.json,gpu-cpml,powell,1.5,0.05,13,,,True,160,1126.6508793830872,0.05856469599680084,0.05021081831096674,0.0,250.0,89.75,6.0,6.972789652487771,250.0,90.0,6.0,0.0,-0.25,0.0,,,,,,,,
019_single_rebar_grid1mm_noise05_gridpolish_stop006,outputs/experiments/019_single_rebar_grid1mm_noise05_gridpolish_stop006/data/single_rebar_summary.json,gpu-cpml,powell,1.5,0.05,13,,,True,1,15.917786836624146,0.05856469599680084,0.05021081831096674,0.0,250.0,89.75,6.0,6.954785108476757,250.0,90.0,6.0,0.0,-0.25,0.0,,,,,,,,
020_single_rebar_grid1mm_noise05_coarsepolish,outputs/experiments/020_single_rebar_grid1mm_noise05_coarsepolish/data/single_rebar_summary.json,gpu-cpml,powell,1.5,0.05,13,,,True,40,490.4905261993408,0.05856469599680084,0.05021081831096674,0.0,250.0,90.0,6.0,6.972789652487771,250.0,90.0,6.0,0.0,0.0,0.0,,,,,,,,
021_single_rebar_grid1mm_noise05_seed21_coarsepolish,outputs/experiments/021_single_rebar_grid1mm_noise05_seed21_coarsepolish/data/single_rebar_summary.json,gpu-cpml,powell,1.5,0.05,21,,,True,40,483.58680629730225,0.05772442231644021,0.049832277807702226,0.0,250.0,90.0,6.0,6.975871572409493,250.0,90.0,6.0,0.0,0.0,0.0,,,,,,,,
022_single_rebar_grid1mm_noise10_coarsepolish,outputs/experiments/022_single_rebar_grid1mm_noise10_coarsepolish/data/single_rebar_summary.json,gpu-cpml,powell,1.5,0.1,13,,,True,40,487.0984756946564,0.1991582714875487,0.10005301623387274,0.0,250.0,90.0,6.0,6.991116714813948,250.0,90.0,6.0,0.0,0.0,0.0,,,,,,,,
023_single_rebar_grid1mm_noise10_coarsepolish_topk,outputs/experiments/023_single_rebar_grid1mm_noise10_coarsepolish_topk/data/single_rebar_summary.json,gpu-cpml,powell,1.5,0.1,13,,,True,40,224.29174971580505,0.1991582714875487,0.10005301623387274,0.0,250.0,90.0,6.0,6.991116714813948,250.0,90.0,6.0,0.0,0.0,0.0,,,6.0,0.1991582714875487,6.2,0.1997176498362327,0.0005593783486839976,0.0028087126108591967
027_trace_shift_summary_smoke,outputs/experiments/027_trace_shift_summary_smoke/data/single_rebar_summary.json,gpu-cpml,powell,1.5,0.0,0,,,False,,2.950549602508545,0.07578595782128597,0.034268786945954914,0.04075548180788772,235.0,80.0,8.0,8.0,250.0,90.0,6.0,-15.0,-10.0,2.0,1.0,0.0,,,,,,
028_bandpass_objective_summary_smoke,outputs/experiments/028_bandpass_objective_summary_smoke/data/single_rebar_summary.json,gpu-cpml,powell,1.5,0.0,0,"{'low_hz': 200000000.0, 'high_hz': 1100000000.0, 'taper_hz': 50000000.0}",,False,,2.893998622894287,0.007893371177247649,0.034268786945954914,0.04075548180788772,235.0,80.0,8.0,8.0,250.0,90.0,6.0,-15.0,-10.0,2.0,1.0,0.0,,,,,,
029_bandwidth_stage1_020_080_from_2mm,outputs/experiments/029_bandwidth_stage1_020_080_from_2mm/data/single_rebar_summary.json,gpu-cpml,powell,1.5,0.0,0,"{'low_hz': 200000000.0, 'high_hz': 800000000.0, 'taper_hz': 50000000.0}",,False,,185.34771847724915,0.00010052323093831341,0.010681449171150938,0.012637597136834917,249.82257189207752,90.59063051681223,6.5734775553608165,6.5734775553608165,250.0,90.0,6.0,-0.17742810792248065,0.5906305168122259,0.5734775553608165,1.0,0.009552550063836221,,,,,,
030_bandwidth_stage2_020_110_from_stage1,outputs/experiments/030_bandwidth_stage2_020_110_from_stage1/data/single_rebar_summary.json,gpu-cpml,powell,1.5,0.0,0,"{'low_hz': 200000000.0, 'high_hz': 1100000000.0, 'taper_hz': 50000000.0}",,False,,185.16431975364685,8.653270336381754e-05,0.007889618025377229,0.013453749523658073,249.7350750492624,90.73142245686101,6.86403158062055,6.86403158062055,250.0,90.0,6.0,-0.26492495073759414,0.7314224568610115,0.8640315806205496,1.0,0.003184183354612074,,,,,,
031_bandwidth_stage3_full_from_stage2_coarsepolish,outputs/experiments/031_bandwidth_stage3_full_from_stage2_coarsepolish/data/single_rebar_summary.json,gpu-cpml,powell,1.5,0.0,0,,,True,40,360.97893142700195,0.0,0.0,0.0,250.0,90.0,6.0,6.954785109185667,250.0,90.0,6.0,0.0,0.0,0.0,1.0,0.0,6.0,0.0,6.2,0.0010371185246966686,0.0010371185246966686,1037118524.6966686
032_bandwidth_full_from_stage1_no_polish,outputs/experiments/032_bandwidth_full_from_stage1_no_polish/data/single_rebar_summary.json,gpu-cpml,powell,1.5,0.0,0,,,False,,263.6000909805298,0.0020827988702278406,0.007889618025377229,0.013453749523658073,249.53336048974816,90.6526483003132,6.95478511053176,6.95478511053176,250.0,90.0,6.0,-0.4666395102518379,0.6526483003132029,0.95478511053176,1.0,0.003184183354612074,,,,,,
033_bandwidth_stage1_then_full_coarsepolish,outputs/experiments/033_bandwidth_stage1_then_full_coarsepolish/data/single_rebar_summary.json,gpu-cpml,powell,1.5,0.0,0,,,True,40,215.8889925479889,0.0,0.0,0.0,250.0,90.0,6.0,6.5734775553608165,250.0,90.0,6.0,0.0,0.0,0.0,1.0,0.0,6.0,0.0,6.2,0.0010371185246966686,0.0010371185246966686,1037118524.6966686
034_bandwidth_noise05_stage1_020_080_seed13,outputs/experiments/034_bandwidth_noise05_stage1_020_080_seed13/data/single_rebar_summary.json,gpu-cpml,powell,1.5,0.05,13,"{'low_hz': 200000000.0, 'high_hz': 800000000.0, 'taper_hz': 50000000.0}",,False,,185.41555953025818,0.00036112980721785166,0.05092460584571497,0.013453749523658073,250.35318784626654,90.52658779707531,6.998877393910328,6.998877393910328,250.0,90.0,6.0,0.3531878462665361,0.5265877970753081,0.9988773939103277,1.0,0.006368366709224148,,,,,,
035_bandwidth_noise05_full_coarsepolish_from_lowband_seed13,outputs/experiments/035_bandwidth_noise05_full_coarsepolish_from_lowband_seed13/data/single_rebar_summary.json,gpu-cpml,powell,1.5,0.05,13,,,True,40,216.73420524597168,0.05856469599680084,0.05021081831096674,0.0,250.0,90.0,6.0,6.998877393910328,250.0,90.0,6.0,0.0,0.0,0.0,1.0,0.0,6.0,0.05856469599680084,6.2,0.059381583470329936,0.0008168874735290932,0.013948462629665431
036_bandwidth_noise10_stage1_020_080_seed13,outputs/experiments/036_bandwidth_noise10_stage1_020_080_seed13/data/single_rebar_summary.json,gpu-cpml,powell,1.5,0.1,13,"{'low_hz': 200000000.0, 'high_hz': 800000000.0, 'taper_hz': 50000000.0}",,False,,185.98645401000977,0.0011883859607494038,0.10046034595045443,0.013453749523658073,249.85763530225222,90.76901885551685,6.927077515172394,6.927077515172394,250.0,90.0,6.0,-0.14236469774778016,0.7690188555168476,0.9270775151723942,1.0,0.006368366709224148,,,,,,
037_bandwidth_noise10_full_coarsepolish_from_lowband_seed13,outputs/experiments/037_bandwidth_noise10_full_coarsepolish_from_lowband_seed13/data/single_rebar_summary.json,gpu-cpml,powell,1.5,0.1,13,,,True,40,217.49716448783875,0.1991582714875487,0.10005301623387274,0.0,250.0,90.0,6.0,6.927077515172394,250.0,90.0,6.0,0.0,0.0,0.0,1.0,0.003184183354612074,6.0,0.1991582714875487,6.2,0.1997176498362327,0.0005593783486839976,0.0028087126108591967
038_cumulative_frequency_misfit_summary_smoke,outputs/experiments/038_cumulative_frequency_misfit_summary_smoke/data/single_rebar_summary.json,gpu-cpml,powell,"1.0,1.5",0.0,0,,,False,,5.86939263343811,0.03983891621586961,0.034268786945954914,0.04075548180788772,235.0,80.0,8.0,8.0,250.0,90.0,6.0,-15.0,-10.0,2.0,1.0,0.0,,,,,,
039_cumulative_frequency_gridpolish_topk_smoke,outputs/experiments/039_cumulative_frequency_gridpolish_topk_smoke/data/single_rebar_summary.json,gpu-cpml,powell,"1.0,1.5",0.0,0,,,True,1,8.752044439315796,0.0,0.0,0.0,250.0,90.0,6.0,6.0,250.0,90.0,6.0,0.0,0.0,0.0,1.0,0.0,6.0,0.0,,,,
040_cumulative_frequency_10_15_coarsepolish_from_highradius,outputs/experiments/040_cumulative_frequency_10_15_coarsepolish_from_highradius/data/single_rebar_summary.json,gpu-cpml,powell,"1.0,1.5",0.0,0,,,True,40,451.59721088409424,0.0,0.0,0.0,250.0,90.0,6.0,6.954785109185667,250.0,90.0,6.0,0.0,0.0,0.0,1.0,0.0,6.0,0.0,6.2,0.0005363593711718974,0.0005363593711718974,536359371.1718974
041_cumulative_frequency_weighted_objective_smoke,outputs/experiments/041_cumulative_frequency_weighted_objective_smoke/data/single_rebar_summary.json,gpu-cpml,powell,"1.0,1.5",0.0,0,,"{'1GHz': 0.2, '1.5GHz': 1.0}",False,,5.873698472976685,0.06380361061948052,0.034268786945954914,0.04075548180788772,235.0,80.0,8.0,8.0,250.0,90.0,6.0,-15.0,-10.0,2.0,1.0,0.0,,,,,,
042_plotting_template_validation_smoke,outputs/experiments/042_plotting_template_validation_smoke/data/single_rebar_summary.json,gpu-cpml,powell,1.5,0.0,0,,{'1.5GHz': 1.0},False,,2.917266845703125,0.07578595782128597,0.034268786945954914,0.04075548180788772,235.0,80.0,8.0,8.0,250.0,90.0,6.0,-15.0,-10.0,2.0,1.0,0.0,,,,,,
