domain,claim_order,claim_area,paper_use_tier,allowed_claim,not_allowed
synthetic_2d,1,resolution_limit,main_result,"Report acquisition- and objective-specific clean/interval/mixed resolution regions, using the current resolution-claim map.",Do not present a universal physical rebar spacing limit from these synthetic sweeps.
synthetic_2d,2,close50_legacy_branch,supporting_policy,"Use the refreshed 270/280 audit to say the old close50 Tx/Rx 40 target2 branch is resolved by later midpoint, replicated 28.75 mm non-clean, and replicated 30 mm clean-threshold evidence.",Do not repeat the old Tx/Rx 40 branch or present it as an all-target resolution result.
synthetic_2d,3,confidence_policy,supporting_policy,"Separate truth selection, strict base-margin confidence, and secondary diagnostic confirmation.",Do not call weak-exact rows fully accepted under the canonical base policy.
synthetic_2d,4,reporting_tiers,supporting_policy,"Report exact-strong, strict location-clean, zero-width objective near-tie, and geometry-ambiguous near-tie as separate tiers.",Do not collapse exact-strong rows into paper-clean location claims without checking geometry ambiguity widths.
synthetic_2d,5,objective_uniqueness,supporting_policy,Zero-width objective near-ties occur for targets 1 and 2; they limit objective-uniqueness wording but not location-clean geometry wording.,Do not describe zero-width near-tie rows as uniquely isolated objective basins.
synthetic_2d,6,target_specificity,supporting_policy,Geometry ambiguity in exact-strong archive rows is target-specific to target2; target2 strict location-clean fraction is 0.921348 in the current claim-tier table.,"Do not imply target0, target1, and target2 share the same ambiguity profile."
synthetic_2d,7,target1_acquisition_confidence,supporting_policy,Use target1 as an example of stable exact geometry with acquisition-sensitive confidence and nonmonotonic source-density behavior.,Do not claim source-count escalation is a general target1 rescue rule or launch target1 reruns without a new hypothesis.
synthetic_2d,8,target2_close14_objective_limit,main_result,"For target2 close14 source5 / Tx/Rx=45 mm, the three-seed probe selected truth with strong radius confidence in 6 / 6 rows, but the +1 mm x competitor remained inside the 0.5x ambiguity gate in 6 / 6 rows.",Do not describe this branch as clean lateral resolution or as an objective-unique inversion result.
synthetic_2d,9,target2_close50_linear29p5_seed_frequency,main_result,"For target2 close50 linear receiver Tx/Rx=29.5 mm, the three-seed policy selected the true geometry with strong radius confidence in 6 / 6 rows. Strict-clean support is 2 / 3 seeds; seed13 remains an x-ambiguity caveat.",Do not promote 29.5 mm to a clean replicated sub-30 mm threshold; keep the nearest-sampled 30 mm result as the paper-safe clean threshold.
synthetic_2d,10,gpu_next_step,guardrail,"Current synthetic policy has no open modern ringdown050, close14 objective-limit, close50 seed-frequency, or target1 source-density GPU-priority exception.","Do not launch broad GPU sweeps without a new objective, geometry, or acquisition question."
synthetic_2d,11,field_separation,guardrail,Keep synthetic policy claims separate from local GSSI field QC claims.,Do not use field QC to change known-truth synthetic confidence labels.
field_2d,1,field_geometry,field_supplement_guardrail,The local GSSI data are independent 2D line-profile QC evidence.,Do not treat the dataset as a recovered 3D survey grid without external layout metadata.
field_2d,2,short_profile_timing,field_supplement_result,Use short 014/016 content-backed and supported-stack figures for relative timing/repeatability QC.,"Do not claim absolute time-zero, cover depth, radius, or measured-data FWI from these panels."
field_2d,3,long_profile_pattern,field_supplement_result,Use long 015/013 figures as pattern-only QC at the robust +0.06 ns shift.,Do not call the long-profile shift a phase anchor or transferable time-zero correction.
field_2d,4,synthetic_separation,guardrail,Keep field QC and known-truth synthetic confidence policies separate.,Do not use field QC to relabel synthetic optimizer success or ambiguity tiers.
field_2d,5,gpu_next_step,guardrail,No field GPU/FWI run is justified without external survey geometry or a new measured-data objective.,Do not launch field FWI/3D runs from this dataset alone.
field_2d,6,long_profile_sensitivity,field_supplement_guardrail,The +0.06 ns long-profile pattern-only support survives the tested shallow time windows and anchor widths.,"Do not convert sensitivity robustness into absolute phase-anchor, cover-depth, radius, 3D, or FWI claims."
field_2d,7,long_relaxed_phase_anchor,field_supplement_guardrail,Use the relaxed long-profile phase-anchor audit as negative evidence: profile 013 candidates remain low-SNR and the long pair remains pattern-only QC.,"Do not promote relaxed late-window picks to absolute time-zero, cover-depth, radius, 3D, or measured-data FWI evidence."
field_2d,8,field_bandlimited_repeatability,field_supplement_guardrail,Use the band-limited repeatability audit to justify measured-field QC band choices for the short pair and pattern-only band support for the long pair.,"Do not convert band-limited repeatability into absolute time-zero, cover-depth, radius, 3D, or measured-data FWI evidence."
field_2d,9,field_event_support_tiers,field_supplement_guardrail,"Use the event-support tier table to separate short-pair content-backed timing QC, long-pair pattern-only support, band-limited repeatability, and explicit FWI/3D blockers.","Do not convert event-support tiers into field radius, cover-depth, 3D, or measured-data FWI claims."
field_2d,10,field_time_zero_uncertainty_budget,field_supplement_result,"Use the relative time-zero uncertainty budget for short 014/016 QC, robustness accounting, and manuscript uncertainty bounds.","Do not convert the relative uncertainty budget into absolute time-zero, field FWI, 3D, radius, or cover-depth claims."
field_2d,11,field_time_zero_perturbation_sensitivity,field_supplement_guardrail,Use the perturbation sensitivity audit to show that the short 014/016 B-scan QC remains supported under bootstrap-CI and conservative relative-offset perturbations.,"Do not convert perturbation robustness into absolute time-zero, field FWI, 3D, radius, or cover-depth claims."
field_2d,12,field_early_time_anchor_negative_qc,field_supplement_guardrail,Use the early-time median-trace audit as a negative control showing that common-mode/direct-wave alignment does not reproduce the content-backed short-pair offset.,"Do not use the early direct/ringdown component as an absolute time-zero calibration, field FWI anchor, 3D inversion input, or replacement for content-backed timing."
field_2d,13,field_timing_anchor_conflict,field_supplement_result,"Use the timing-anchor conflict synthesis to keep short content-backed relative timing, early common-mode timing, and long pattern-only timing as separate scoped QC anchors.","Do not average or reconcile these anchors into absolute time-zero, cover-depth/radius recovery, field FWI, 3D inversion, or synthetic-policy relabeling."
field_2d,14,field_timing_window_family_classification,field_supplement_result,"Use the timing window-family classification to show that strict early windows are common-mode near-zero, short content windows support the relative correction envelope, and long shallow windows remain pattern-only.","Do not convert window-family separation into absolute time-zero, cover-depth/radius recovery, field FWI, 3D inversion, or synthetic-policy relabeling."
field_2d,15,field_timing_discriminant_scorecard,field_supplement_guardrail,"Use the timing-discriminant scorecard to report that early, short-content, raw/no-correction, and long-pattern timing windows are separable scoped QC evidence.","Do not convert the timing discriminants into absolute time-zero, cover-depth/radius recovery, field FWI, 3D inversion, or synthetic-policy relabeling."
field_2d,16,field_cue_spacing_context,field_supplement_result,Use cue-spacing threshold sensitivity as measured-field context showing visible cues remain wider than the synthetic close-spacing stress scale.,"Do not use measured cue spacing as known-truth rebar separation, synthetic resolution validation, calibrated cover-depth/radius evidence, field FWI, 3D inversion, or synthetic-policy relabeling."
field_2d,17,field_acquisition_readiness,guardrail,Use the acquisition readiness audit to justify the field dataset as dense 2D line-profile QC with no current field FWI or 3D HPC priority.,Do not submit field FWI/3D HPC jobs or infer volumetric survey geometry from this dataset without external layout metadata or a new calibrated acquisition.
field_2d,18,field_hpc_dimensionality,field_supplement_guardrail,Use the dimensionality decision card to report that the current archive contains four independent dense 2D line profiles suitable for scoped field QC.,"Do not treat the current field dataset as a 3D/HPC/FWI workload without external survey layout metadata, calibrated target geometry, and absolute timing/depth controls."
field_2d,19,field_apparent_depth_scale_qc,field_supplement_guardrail,Use the apparent-depth QC figure as a relative scale guardrail for field cue timing and short-pair residuals.,"Do not convert apparent-depth scale QC into calibrated cover-depth recovery, radius recovery, 3D, or measured-data FWI."
field_2d,20,field_apparent_depth_sensitivity,field_supplement_guardrail,Use the apparent-depth sensitivity figure to show that the field depth scale depends strongly on dielectric and time-zero assumptions.,Do not report calibrated cover depth from the field cues while the apparent-depth span remains dielectric/time-zero sensitive.
field_2d,21,field_hyperbola_timezero_degeneracy,field_supplement_guardrail,Use the hyperbola/time-zero degeneracy figure as negative identifiability evidence for measured field inversion.,"Do not promote hyperbola/common-offset overlays to cover-depth, radius, 3D, or measured-data FWI recovery while score surfaces retain boundary and near-top degeneracy."
