case_label,branch_key,seed,case_variant,run_name,feature,candidate_triple_count,all_truth_triple_count,first_all_truth_rank,best_false_minus_best_truth_score_gap,top_unique_all_truths,top_unique_truth_hit_count,top_target0_hit,top_target1_hit,top_target2_hit,top_candidate_ranks,top_candidate_x_values_mm
target2_close14|seed13|nominal,target2_close14,13,nominal,local2d_detector_baseline_target2_close14_seed13_nominal_cpu,score_sum,1140,8,108.0,0.4394899083277828,False,1,False,False,True,"2,3,1","261,263,265"
target2_close14|seed13|nominal,target2_close14,13,nominal,local2d_detector_baseline_target2_close14_seed13_nominal_cpu,score_span_bonus,1140,8,30.0,0.12953803941391184,False,1,False,False,True,"7,2,1","221,261,265"
target2_close14|seed13|nominal,target2_close14,13,nominal,local2d_detector_baseline_target2_close14_seed13_nominal_cpu,score_min,1140,8,229.0,0.31524500100302166,False,1,False,False,True,"2,3,1","261,263,265"
target2_close14|seed13|nominal,target2_close14,13,nominal,local2d_detector_baseline_target2_close14_seed13_nominal_cpu,score_min_span,1140,8,68.0,0.12524500100302172,False,1,False,False,True,"2,3,1","261,263,265"
target2_close14|seed13|nominal,target2_close14,13,nominal,local2d_detector_baseline_target2_close14_seed13_nominal_cpu,score_balanced,1140,8,42.0,0.1715380394139121,False,1,False,False,True,"7,2,1","221,261,265"
target2_close14|seed13|nominal,target2_close14,13,nominal,local2d_detector_baseline_target2_close14_seed13_nominal_cpu,score_mask,1140,8,5.0,0.005921511050581474,False,2,False,True,True,"18,6,1","209,249,265"
target2_close14|seed13|nominal,target2_close14,13,nominal,local2d_detector_baseline_target2_close14_seed13_nominal_cpu,score_component_sum,1140,8,204.0,0.16837684542079712,False,1,False,False,True,"2,3,1","261,263,265"
target2_close14|seed13|nominal,target2_close14,13,nominal,local2d_detector_baseline_target2_close14_seed13_nominal_cpu,score_component_min,1140,8,373.0,0.12212942711628735,False,1,False,False,True,"2,3,1","261,263,265"
target2_close14|seed13|nominal,target2_close14,13,nominal,local2d_detector_baseline_target2_close14_seed13_nominal_cpu,score_component_mean_min,1140,8,320.0,0.1782550422565531,False,1,False,False,True,"2,3,1","261,263,265"
target2_close14|seed13|nominal,target2_close14,13,nominal,local2d_detector_baseline_target2_close14_seed13_nominal_cpu,score_component_floor_span,1140,8,108.0,0.022500000000000075,False,2,True,False,True,"16,1,17","183,265,274"
target2_close14|seed13|nominal,target2_close14,13,nominal,local2d_detector_baseline_target2_close14_seed13_nominal_cpu,score_component_balanced,1140,8,50.0,0.07707981994328317,False,1,False,False,True,"7,2,4","221,261,273"
target2_close14|seed13|nominal,target2_close14,13,nominal,local2d_detector_baseline_target2_close14_seed13_nominal_cpu,score_component_left_floor,1140,8,160.0,0.08373974635227732,False,1,False,False,True,"7,1,4","221,265,273"
target2_close14|seed13|nominal,target2_close14,13,nominal,local2d_detector_baseline_target2_close14_seed13_nominal_cpu,score_hybrid_span_component,1140,8,47.0,0.21340791259005032,False,1,False,False,True,"7,2,1","221,261,265"
target2_close14|seed13|nominal,target2_close14,13,nominal,local2d_detector_baseline_target2_close14_seed13_nominal_cpu,rank_sum_inverse,1140,8,141.0,14.0,False,1,False,False,True,"2,3,1","261,263,265"
target2_close14|seed13|nominal,target2_close14,13,nominal,local2d_detector_baseline_target2_close14_seed13_nominal_cpu,max_rank_inverse,1140,8,229.0,10.0,False,1,False,False,True,"2,3,1","261,263,265"
target2_close14|seed13|nominal,target2_close14,13,nominal,local2d_detector_baseline_target2_close14_seed13_nominal_cpu,x_span_width,1140,8,103.0,9.0,False,2,True,False,True,"16,1,17","183,265,274"
target2_close14|seed13|nominal,target2_close14,13,nominal,local2d_detector_baseline_target2_close14_seed13_nominal_cpu,x_span_target70_inverse,1140,8,4.0,0.0,False,2,True,False,True,"15,2,1","196,261,265"
target2_close14|seed13|nominal,target2_close14,13,nominal,local2d_detector_baseline_target2_close14_seed13_nominal_cpu,x_span_target80_inverse,1140,8,4.0,0.0,False,2,True,False,True,"13,2,1","185,261,265"
target2_close14|seed13|nominal,target2_close14,13,nominal,local2d_detector_baseline_target2_close14_seed13_nominal_cpu,x_span_target90_inverse,1140,8,103.0,8.0,False,2,True,False,True,"16,1,4","183,265,273"
target2_close14|seed13|nominal,target2_close14,13,nominal,local2d_detector_baseline_target2_close14_seed13_nominal_cpu,x_span_target110_inverse,1140,8,103.0,9.0,False,2,True,False,True,"16,1,17","183,265,274"
target2_close14|seed13|nominal,target2_close14,13,nominal,local2d_detector_baseline_target2_close14_seed13_nominal_cpu,gap_balance_inverse,1140,8,786.0,36.0,False,1,False,False,True,"2,3,1","261,263,265"
target2_close14|seed13|nominal,target2_close14,13,nominal,local2d_detector_baseline_target2_close14_seed13_nominal_cpu,center250_inverse,1140,8,428.0,13.0,False,2,False,True,True,"11,6,1","236,249,265"
target2_close14|seed13|source_mismatch,target2_close14,13,source_mismatch,local2d_detector_baseline_target2_close14_seed13_source_mismatch_cpu,score_sum,1140,4,64.0,0.3974686366495104,False,1,False,False,True,"3,1,2","250,264,266"
target2_close14|seed13|source_mismatch,target2_close14,13,source_mismatch,local2d_detector_baseline_target2_close14_seed13_source_mismatch_cpu,score_span_bonus,1140,4,19.0,0.1659842906447362,False,2,True,False,True,"7,1,2","187,264,266"
target2_close14|seed13|source_mismatch,target2_close14,13,source_mismatch,local2d_detector_baseline_target2_close14_seed13_source_mismatch_cpu,score_min,1140,4,25.0,0.23148434600477374,False,1,False,False,True,"3,1,2","250,264,266"
target2_close14|seed13|source_mismatch,target2_close14,13,source_mismatch,local2d_detector_baseline_target2_close14_seed13_source_mismatch_cpu,score_min_span,1140,4,4.0,0.07398434600477366,False,1,False,False,True,"3,1,2","250,264,266"
target2_close14|seed13|source_mismatch,target2_close14,13,source_mismatch,local2d_detector_baseline_target2_close14_seed13_source_mismatch_cpu,score_balanced,1140,4,27.0,0.1649686366495109,False,1,False,False,True,"3,1,2","250,264,266"
target2_close14|seed13|source_mismatch,target2_close14,13,source_mismatch,local2d_detector_baseline_target2_close14_seed13_source_mismatch_cpu,score_mask,1140,4,94.0,0.046603956506783006,False,1,True,False,False,"9,6,1","188,239,264"
target2_close14|seed13|source_mismatch,target2_close14,13,source_mismatch,local2d_detector_baseline_target2_close14_seed13_source_mismatch_cpu,score_component_sum,1140,4,69.0,0.12785568989569163,False,1,False,False,True,"3,1,2","250,264,266"
target2_close14|seed13|source_mismatch,target2_close14,13,source_mismatch,local2d_detector_baseline_target2_close14_seed13_source_mismatch_cpu,score_component_min,1140,4,89.0,0.08979416380668323,False,1,False,False,True,"3,1,2","250,264,266"
target2_close14|seed13|source_mismatch,target2_close14,13,source_mismatch,local2d_detector_baseline_target2_close14_seed13_source_mismatch_cpu,score_component_mean_min,1140,4,65.0,0.1324127271052471,False,1,False,False,True,"3,1,2","250,264,266"
target2_close14|seed13|source_mismatch,target2_close14,13,source_mismatch,local2d_detector_baseline_target2_close14_seed13_source_mismatch_cpu,score_component_floor_span,1140,4,33.0,0.017500000000000016,False,1,True,False,False,"9,1,12","188,264,273"
target2_close14|seed13|source_mismatch,target2_close14,13,source_mismatch,local2d_detector_baseline_target2_close14_seed13_source_mismatch_cpu,score_component_balanced,1140,4,12.0,0.031061526089008362,False,1,True,False,False,"9,3,1","188,250,264"
target2_close14|seed13|source_mismatch,target2_close14,13,source_mismatch,local2d_detector_baseline_target2_close14_seed13_source_mismatch_cpu,score_component_left_floor,1140,4,32.0,0.020999999999999908,False,1,True,False,False,"9,1,12","188,264,273"
target2_close14|seed13|source_mismatch,target2_close14,13,source_mismatch,local2d_detector_baseline_target2_close14_seed13_source_mismatch_cpu,score_hybrid_span_component,1140,4,24.0,0.18181886108988676,False,1,False,False,True,"3,1,2","250,264,266"
target2_close14|seed13|source_mismatch,target2_close14,13,source_mismatch,local2d_detector_baseline_target2_close14_seed13_source_mismatch_cpu,rank_sum_inverse,1140,4,26.0,7.0,False,1,False,False,True,"3,1,2","250,264,266"
target2_close14|seed13|source_mismatch,target2_close14,13,source_mismatch,local2d_detector_baseline_target2_close14_seed13_source_mismatch_cpu,max_rank_inverse,1140,4,25.0,4.0,False,1,False,False,True,"3,1,2","250,264,266"
target2_close14|seed13|source_mismatch,target2_close14,13,source_mismatch,local2d_detector_baseline_target2_close14_seed13_source_mismatch_cpu,x_span_width,1140,4,54.0,7.0,False,1,True,False,False,"7,1,12","187,264,273"
target2_close14|seed13|source_mismatch,target2_close14,13,source_mismatch,local2d_detector_baseline_target2_close14_seed13_source_mismatch_cpu,x_span_target70_inverse,1140,4,283.0,5.0,False,1,False,False,True,"13,1,2","199,264,266"
target2_close14|seed13|source_mismatch,target2_close14,13,source_mismatch,local2d_detector_baseline_target2_close14_seed13_source_mismatch_cpu,x_span_target80_inverse,1140,4,3.0,0.0,False,2,True,False,True,"7,1,2","187,264,266"
target2_close14|seed13|source_mismatch,target2_close14,13,source_mismatch,local2d_detector_baseline_target2_close14_seed13_source_mismatch_cpu,x_span_target90_inverse,1140,4,54.0,7.0,False,1,True,False,False,"7,1,12","187,264,273"
target2_close14|seed13|source_mismatch,target2_close14,13,source_mismatch,local2d_detector_baseline_target2_close14_seed13_source_mismatch_cpu,x_span_target110_inverse,1140,4,54.0,7.0,False,1,True,False,False,"7,1,12","187,264,273"
target2_close14|seed13|source_mismatch,target2_close14,13,source_mismatch,local2d_detector_baseline_target2_close14_seed13_source_mismatch_cpu,gap_balance_inverse,1140,4,1018.0,50.0,False,2,False,True,True,"5,4,2","238,252,266"
target2_close14|seed13|source_mismatch,target2_close14,13,source_mismatch,local2d_detector_baseline_target2_close14_seed13_source_mismatch_cpu,center250_inverse,1140,4,299.0,14.333333333333343,False,0,False,False,False,"5,6,12","238,239,273"
target2_close14|seed21|nominal,target2_close14,21,nominal,local2d_detector_baseline_target2_close14_seed21_nominal_cpu,score_sum,1140,4,44.0,0.33808951082424876,False,2,False,True,True,"3,2,1","254,263,266"
target2_close14|seed21|nominal,target2_close14,21,nominal,local2d_detector_baseline_target2_close14_seed21_nominal_cpu,score_span_bonus,1140,4,7.0,0.055465930252387885,False,1,False,False,True,"6,2,1","220,263,266"
target2_close14|seed21|nominal,target2_close14,21,nominal,local2d_detector_baseline_target2_close14_seed21_nominal_cpu,score_min,1140,4,222.0,0.334512345885147,False,2,False,True,True,"3,2,1","254,263,266"
target2_close14|seed21|nominal,target2_close14,21,nominal,local2d_detector_baseline_target2_close14_seed21_nominal_cpu,score_min_span,1140,4,89.0,0.17701234588514703,False,2,False,True,True,"3,2,1","254,263,266"
target2_close14|seed21|nominal,target2_close14,21,nominal,local2d_detector_baseline_target2_close14_seed21_nominal_cpu,score_balanced,1140,4,8.0,0.10858951082424895,False,2,False,True,True,"3,2,1","254,263,266"
target2_close14|seed21|nominal,target2_close14,21,nominal,local2d_detector_baseline_target2_close14_seed21_nominal_cpu,score_mask,1140,4,41.0,0.03530401790765236,False,1,False,False,True,"6,5,1","220,251,266"
target2_close14|seed21|nominal,target2_close14,21,nominal,local2d_detector_baseline_target2_close14_seed21_nominal_cpu,score_component_sum,1140,4,73.0,0.12977657072320925,False,2,False,True,True,"3,2,1","254,263,266"
target2_close14|seed21|nominal,target2_close14,21,nominal,local2d_detector_baseline_target2_close14_seed21_nominal_cpu,score_component_min,1140,4,288.0,0.11725907415093262,False,2,False,True,True,"3,2,1","254,263,266"
target2_close14|seed21|nominal,target2_close14,21,nominal,local2d_detector_baseline_target2_close14_seed21_nominal_cpu,score_component_mean_min,1140,4,162.0,0.16051793105866907,False,2,False,True,True,"3,2,1","254,263,266"
target2_close14|seed21|nominal,target2_close14,21,nominal,local2d_detector_baseline_target2_close14_seed21_nominal_cpu,score_component_floor_span,1140,4,164.0,0.02962078296459847,False,1,False,False,True,"14,1,7","186,266,274"
target2_close14|seed21|nominal,target2_close14,21,nominal,local2d_detector_baseline_target2_close14_seed21_nominal_cpu,score_component_balanced,1140,4,12.0,0.0325896921258475,False,1,False,False,True,"6,2,1","220,263,266"
target2_close14|seed21|nominal,target2_close14,21,nominal,local2d_detector_baseline_target2_close14_seed21_nominal_cpu,score_component_left_floor,1140,4,172.0,0.06757219555357097,False,1,False,False,True,"6,1,7","220,266,274"
target2_close14|seed21|nominal,target2_close14,21,nominal,local2d_detector_baseline_target2_close14_seed21_nominal_cpu,score_hybrid_span_component,1140,4,12.0,0.1403485849751811,False,2,False,True,True,"3,2,1","254,263,266"
target2_close14|seed21|nominal,target2_close14,21,nominal,local2d_detector_baseline_target2_close14_seed21_nominal_cpu,rank_sum_inverse,1140,4,82.0,11.0,False,2,False,True,True,"3,2,1","254,263,266"
target2_close14|seed21|nominal,target2_close14,21,nominal,local2d_detector_baseline_target2_close14_seed21_nominal_cpu,max_rank_inverse,1140,4,222.0,10.0,False,2,False,True,True,"3,2,1","254,263,266"
target2_close14|seed21|nominal,target2_close14,21,nominal,local2d_detector_baseline_target2_close14_seed21_nominal_cpu,x_span_width,1140,4,231.0,19.0,False,1,False,False,True,"20,1,7","180,266,274"
target2_close14|seed21|nominal,target2_close14,21,nominal,local2d_detector_baseline_target2_close14_seed21_nominal_cpu,x_span_target70_inverse,1140,4,72.0,2.0,False,1,False,True,False,"15,3,4","192,254,262"
target2_close14|seed21|nominal,target2_close14,21,nominal,local2d_detector_baseline_target2_close14_seed21_nominal_cpu,x_span_target80_inverse,1140,4,163.0,5.0,False,1,False,False,True,"14,2,1","186,263,266"
target2_close14|seed21|nominal,target2_close14,21,nominal,local2d_detector_baseline_target2_close14_seed21_nominal_cpu,x_span_target90_inverse,1140,4,231.0,13.0,False,1,False,False,True,"14,1,7","186,266,274"
target2_close14|seed21|nominal,target2_close14,21,nominal,local2d_detector_baseline_target2_close14_seed21_nominal_cpu,x_span_target110_inverse,1140,4,231.0,19.0,False,1,False,False,True,"20,1,7","180,266,274"
target2_close14|seed21|nominal,target2_close14,21,nominal,local2d_detector_baseline_target2_close14_seed21_nominal_cpu,gap_balance_inverse,1140,4,914.0,44.0,False,0,False,False,False,"8,4,7","250,262,274"
target2_close14|seed21|nominal,target2_close14,21,nominal,local2d_detector_baseline_target2_close14_seed21_nominal_cpu,center250_inverse,1140,4,327.0,10.666666666666657,False,1,False,True,False,"10,3,4","234,254,262"
target2_close14|seed21|source_mismatch,target2_close14,21,source_mismatch,local2d_detector_baseline_target2_close14_seed21_source_mismatch_cpu,score_sum,1140,4,73.0,0.3798192128465483,False,1,False,True,False,"3,2,1","248,251,263"
target2_close14|seed21|source_mismatch,target2_close14,21,source_mismatch,local2d_detector_baseline_target2_close14_seed21_source_mismatch_cpu,score_span_bonus,1140,4,28.0,0.20079837197030592,False,0,False,False,False,"10,2,1","181,251,263"
target2_close14|seed21|source_mismatch,target2_close14,21,source_mismatch,local2d_detector_baseline_target2_close14_seed21_source_mismatch_cpu,score_min,1140,4,28.0,0.17939727749390755,False,1,False,True,False,"3,2,1","248,251,263"
target2_close14|seed21|source_mismatch,target2_close14,21,source_mismatch,local2d_detector_baseline_target2_close14_seed21_source_mismatch_cpu,score_min_span,1140,4,18.0,0.043797638948110396,False,2,False,True,True,"3,1,4","248,263,271"
target2_close14|seed21|source_mismatch,target2_close14,21,source_mismatch,local2d_detector_baseline_target2_close14_seed21_source_mismatch_cpu,score_balanced,1140,4,32.0,0.1822983719703064,False,0,False,False,False,"10,2,1","181,251,263"
target2_close14|seed21|source_mismatch,target2_close14,21,source_mismatch,local2d_detector_baseline_target2_close14_seed21_source_mismatch_cpu,score_mask,1140,4,112.0,0.06009157825238187,False,2,True,True,False,"7,3,1","194,248,263"
target2_close14|seed21|source_mismatch,target2_close14,21,source_mismatch,local2d_detector_baseline_target2_close14_seed21_source_mismatch_cpu,score_component_sum,1140,4,87.0,0.13899263194409328,False,1,False,False,True,"2,1,4","251,263,271"
target2_close14|seed21|source_mismatch,target2_close14,21,source_mismatch,local2d_detector_baseline_target2_close14_seed21_source_mismatch_cpu,score_component_min,1140,4,92.0,0.08071119796484436,False,1,False,False,True,"2,1,4","251,263,271"
target2_close14|seed21|source_mismatch,target2_close14,21,source_mismatch,local2d_detector_baseline_target2_close14_seed21_source_mismatch_cpu,score_component_mean_min,1140,4,82.0,0.12704207527954214,False,1,False,False,True,"2,1,4","251,263,271"
target2_close14|seed21|source_mismatch,target2_close14,21,source_mismatch,local2d_detector_baseline_target2_close14_seed21_source_mismatch_cpu,score_component_floor_span,1140,4,66.0,0.022652029004814445,False,0,False,False,False,"10,1,13","181,263,273"
target2_close14|seed21|source_mismatch,target2_close14,21,source_mismatch,local2d_detector_baseline_target2_close14_seed21_source_mismatch_cpu,score_component_balanced,1140,4,23.0,0.04734507637119889,False,1,False,False,True,"10,1,4","181,263,271"
target2_close14|seed21|source_mismatch,target2_close14,21,source_mismatch,local2d_detector_baseline_target2_close14_seed21_source_mismatch_cpu,score_component_left_floor,1140,4,55.0,0.01707168341594323,False,0,False,False,False,"10,1,13","181,263,273"
target2_close14|seed21|source_mismatch,target2_close14,21,source_mismatch,local2d_detector_baseline_target2_close14_seed21_source_mismatch_cpu,score_hybrid_span_component,1140,4,31.0,0.1868342136782779,False,0,False,False,False,"10,2,1","181,251,263"
target2_close14|seed21|source_mismatch,target2_close14,21,source_mismatch,local2d_detector_baseline_target2_close14_seed21_source_mismatch_cpu,rank_sum_inverse,1140,4,34.0,8.0,False,1,False,True,False,"3,2,1","248,251,263"
target2_close14|seed21|source_mismatch,target2_close14,21,source_mismatch,local2d_detector_baseline_target2_close14_seed21_source_mismatch_cpu,max_rank_inverse,1140,4,28.0,4.0,False,1,False,True,False,"3,2,1","248,251,263"
target2_close14|seed21|source_mismatch,target2_close14,21,source_mismatch,local2d_detector_baseline_target2_close14_seed21_source_mismatch_cpu,x_span_width,1140,4,87.0,11.0,False,0,False,False,False,"10,1,13","181,263,273"
target2_close14|seed21|source_mismatch,target2_close14,21,source_mismatch,local2d_detector_baseline_target2_close14_seed21_source_mismatch_cpu,x_span_target70_inverse,1140,4,139.0,7.0,False,1,False,True,False,"10,3,2","181,248,251"
target2_close14|seed21|source_mismatch,target2_close14,21,source_mismatch,local2d_detector_baseline_target2_close14_seed21_source_mismatch_cpu,x_span_target80_inverse,1140,4,18.0,1.0,False,1,False,False,True,"11,1,4","191,263,271"
target2_close14|seed21|source_mismatch,target2_close14,21,source_mismatch,local2d_detector_baseline_target2_close14_seed21_source_mismatch_cpu,x_span_target90_inverse,1140,4,87.0,9.0,False,1,False,False,True,"10,1,4","181,263,271"
target2_close14|seed21|source_mismatch,target2_close14,21,source_mismatch,local2d_detector_baseline_target2_close14_seed21_source_mismatch_cpu,x_span_target110_inverse,1140,4,87.0,11.0,False,0,False,False,False,"10,1,13","181,263,273"
target2_close14|seed21|source_mismatch,target2_close14,21,source_mismatch,local2d_detector_baseline_target2_close14_seed21_source_mismatch_cpu,gap_balance_inverse,1140,4,827.0,31.0,False,1,False,True,False,"8,9,3","224,236,248"
target2_close14|seed21|source_mismatch,target2_close14,21,source_mismatch,local2d_detector_baseline_target2_close14_seed21_source_mismatch_cpu,center250_inverse,1140,4,231.0,10.666666666666657,False,0,False,False,False,"9,2,1","236,251,263"
target2_close14|seed34|nominal,target2_close14,34,nominal,local2d_detector_baseline_target2_close14_seed34_nominal_cpu,score_sum,1140,12,187.0,0.45968082228372253,False,1,False,False,True,"1,3,2","260,262,272"
target2_close14|seed34|nominal,target2_close14,34,nominal,local2d_detector_baseline_target2_close14_seed34_nominal_cpu,score_span_bonus,1140,12,81.0,0.20451026003780814,False,2,True,False,True,"14,1,2","190,260,272"
target2_close14|seed34|nominal,target2_close14,34,nominal,local2d_detector_baseline_target2_close14_seed34_nominal_cpu,score_min,1140,12,298.0,0.30861251203801854,False,1,False,False,True,"1,3,2","260,262,272"
target2_close14|seed34|nominal,target2_close14,34,nominal,local2d_detector_baseline_target2_close14_seed34_nominal_cpu,score_min_span,1140,12,97.0,0.1336125120380186,False,1,False,False,True,"1,3,2","260,262,272"
target2_close14|seed34|nominal,target2_close14,34,nominal,local2d_detector_baseline_target2_close14_seed34_nominal_cpu,score_balanced,1140,12,110.0,0.246122772075827,False,1,False,False,True,"1,3,2","260,262,272"
target2_close14|seed34|nominal,target2_close14,34,nominal,local2d_detector_baseline_target2_close14_seed34_nominal_cpu,score_mask,1140,12,29.0,0.02360306765215947,False,1,False,False,True,"8,1,5","224,260,274"
target2_close14|seed34|nominal,target2_close14,34,nominal,local2d_detector_baseline_target2_close14_seed34_nominal_cpu,score_component_sum,1140,12,238.0,0.15986848633856576,False,1,False,False,True,"1,3,2","260,262,272"
target2_close14|seed34|nominal,target2_close14,34,nominal,local2d_detector_baseline_target2_close14_seed34_nominal_cpu,score_component_min,1140,12,376.0,0.11610813130196376,False,1,False,False,True,"1,3,2","260,262,272"
target2_close14|seed34|nominal,target2_close14,34,nominal,local2d_detector_baseline_target2_close14_seed34_nominal_cpu,score_component_mean_min,1140,12,309.0,0.16939762674815229,False,1,False,False,True,"1,3,2","260,262,272"
target2_close14|seed34|nominal,target2_close14,34,nominal,local2d_detector_baseline_target2_close14_seed34_nominal_cpu,score_component_floor_span,1140,12,35.0,0.0050000000000000044,False,2,True,False,True,"15,1,5","188,260,274"
target2_close14|seed34|nominal,target2_close14,34,nominal,local2d_detector_baseline_target2_close14_seed34_nominal_cpu,score_component_balanced,1140,12,43.0,0.07476475594942245,False,1,False,False,True,"8,1,2","224,260,272"
target2_close14|seed34|nominal,target2_close14,34,nominal,local2d_detector_baseline_target2_close14_seed34_nominal_cpu,score_component_left_floor,1140,12,84.0,0.056394517106934994,False,1,False,False,True,"8,1,5","224,260,274"
target2_close14|seed34|nominal,target2_close14,34,nominal,local2d_detector_baseline_target2_close14_seed34_nominal_cpu,score_hybrid_span_component,1140,12,107.0,0.2792309033777909,False,1,False,False,True,"1,3,2","260,262,272"
target2_close14|seed34|nominal,target2_close14,34,nominal,local2d_detector_baseline_target2_close14_seed34_nominal_cpu,rank_sum_inverse,1140,12,195.0,16.0,False,1,False,False,True,"1,3,2","260,262,272"
target2_close14|seed34|nominal,target2_close14,34,nominal,local2d_detector_baseline_target2_close14_seed34_nominal_cpu,max_rank_inverse,1140,12,298.0,11.0,False,1,False,False,True,"1,3,2","260,262,272"
target2_close14|seed34|nominal,target2_close14,34,nominal,local2d_detector_baseline_target2_close14_seed34_nominal_cpu,x_span_width,1140,12,85.0,5.0,False,1,False,False,True,"19,1,5","185,260,274"
target2_close14|seed34|nominal,target2_close14,34,nominal,local2d_detector_baseline_target2_close14_seed34_nominal_cpu,x_span_target70_inverse,1140,12,3.0,0.0,False,2,True,False,True,"14,1,4","190,260,260"
target2_close14|seed34|nominal,target2_close14,34,nominal,local2d_detector_baseline_target2_close14_seed34_nominal_cpu,x_span_target80_inverse,1140,12,5.0,0.0,False,2,True,False,True,"14,1,2","190,260,272"
target2_close14|seed34|nominal,target2_close14,34,nominal,local2d_detector_baseline_target2_close14_seed34_nominal_cpu,x_span_target90_inverse,1140,12,85.0,5.0,False,1,False,False,True,"19,1,5","185,260,274"
target2_close14|seed34|nominal,target2_close14,34,nominal,local2d_detector_baseline_target2_close14_seed34_nominal_cpu,x_span_target110_inverse,1140,12,85.0,5.0,False,1,False,False,True,"19,1,5","185,260,274"
target2_close14|seed34|nominal,target2_close14,34,nominal,local2d_detector_baseline_target2_close14_seed34_nominal_cpu,gap_balance_inverse,1140,12,790.0,34.0,False,2,False,True,True,"7,1,2","248,260,272"
target2_close14|seed34|nominal,target2_close14,34,nominal,local2d_detector_baseline_target2_close14_seed34_nominal_cpu,center250_inverse,1140,12,510.0,13.333333333333343,False,1,False,False,True,"12,6,2","229,249,272"
target2_close14|seed34|source_mismatch,target2_close14,34,source_mismatch,local2d_detector_baseline_target2_close14_seed34_source_mismatch_cpu,score_sum,1140,8,65.0,0.33715791805252326,False,1,False,False,True,"1,3,2","261,263,273"
target2_close14|seed34|source_mismatch,target2_close14,34,source_mismatch,local2d_detector_baseline_target2_close14_seed34_source_mismatch_cpu,score_span_bonus,1140,8,19.0,0.15998973395863114,False,2,True,False,True,"10,1,2","188,261,273"
target2_close14|seed34|source_mismatch,target2_close14,34,source_mismatch,local2d_detector_baseline_target2_close14_seed34_source_mismatch_cpu,score_min,1140,8,90.0,0.2371681840938914,False,1,False,False,True,"1,3,2","261,263,273"
target2_close14|seed34|source_mismatch,target2_close14,34,source_mismatch,local2d_detector_baseline_target2_close14_seed34_source_mismatch_cpu,score_min_span,1140,8,53.0,0.09504280188293546,False,1,False,False,True,"4,1,2","249,261,273"
target2_close14|seed34|source_mismatch,target2_close14,34,source_mismatch,local2d_detector_baseline_target2_close14_seed34_source_mismatch_cpu,score_balanced,1140,8,22.0,0.14403253584156728,False,1,False,False,True,"4,1,2","249,261,273"
target2_close14|seed34|source_mismatch,target2_close14,34,source_mismatch,local2d_detector_baseline_target2_close14_seed34_source_mismatch_cpu,score_mask,1140,8,25.0,0.02171935813135123,False,2,True,True,False,"10,5,3","188,247,263"
target2_close14|seed34|source_mismatch,target2_close14,34,source_mismatch,local2d_detector_baseline_target2_close14_seed34_source_mismatch_cpu,score_component_sum,1140,8,91.0,0.12702402029277415,False,1,False,False,True,"1,3,2","261,263,273"
target2_close14|seed34|source_mismatch,target2_close14,34,source_mismatch,local2d_detector_baseline_target2_close14_seed34_source_mismatch_cpu,score_component_min,1140,8,171.0,0.09840787378438207,False,1,False,False,True,"1,3,2","261,263,273"
target2_close14|seed34|source_mismatch,target2_close14,34,source_mismatch,local2d_detector_baseline_target2_close14_seed34_source_mismatch_cpu,score_component_mean_min,1140,8,141.0,0.14074921388197348,False,1,False,False,True,"1,3,2","261,263,273"
target2_close14|seed34|source_mismatch,target2_close14,34,source_mismatch,local2d_detector_baseline_target2_close14_seed34_source_mismatch_cpu,score_component_floor_span,1140,8,74.0,0.02999999999999997,False,2,True,False,True,"10,1,2","188,261,273"
target2_close14|seed34|source_mismatch,target2_close14,34,source_mismatch,local2d_detector_baseline_target2_close14_seed34_source_mismatch_cpu,score_component_balanced,1140,8,24.0,0.06535219788824542,False,2,True,False,True,"10,1,2","188,261,273"
target2_close14|seed34|source_mismatch,target2_close14,34,source_mismatch,local2d_detector_baseline_target2_close14_seed34_source_mismatch_cpu,score_component_left_floor,1140,8,86.0,0.03600000000000003,False,2,True,False,True,"10,1,2","188,261,273"
target2_close14|seed34|source_mismatch,target2_close14,34,source_mismatch,local2d_detector_baseline_target2_close14_seed34_source_mismatch_cpu,score_hybrid_span_component,1140,8,23.0,0.15998973395863114,False,2,True,False,True,"10,1,2","188,261,273"
target2_close14|seed34|source_mismatch,target2_close14,34,source_mismatch,local2d_detector_baseline_target2_close14_seed34_source_mismatch_cpu,rank_sum_inverse,1140,8,63.0,10.0,False,1,False,False,True,"1,3,2","261,263,273"
target2_close14|seed34|source_mismatch,target2_close14,34,source_mismatch,local2d_detector_baseline_target2_close14_seed34_source_mismatch_cpu,max_rank_inverse,1140,8,90.0,7.0,False,1,False,False,True,"1,3,2","261,263,273"
target2_close14|seed34|source_mismatch,target2_close14,34,source_mismatch,local2d_detector_baseline_target2_close14_seed34_source_mismatch_cpu,x_span_width,1140,8,117.0,12.0,False,2,True,False,True,"10,1,2","188,261,273"
target2_close14|seed34|source_mismatch,target2_close14,34,source_mismatch,local2d_detector_baseline_target2_close14_seed34_source_mismatch_cpu,x_span_target70_inverse,1140,8,2.0,0.0,False,2,True,False,True,"14,4,1","191,249,261"
target2_close14|seed34|source_mismatch,target2_close14,34,source_mismatch,local2d_detector_baseline_target2_close14_seed34_source_mismatch_cpu,x_span_target80_inverse,1140,8,117.0,5.0,False,2,True,False,True,"14,1,2","191,261,273"
target2_close14|seed34|source_mismatch,target2_close14,34,source_mismatch,local2d_detector_baseline_target2_close14_seed34_source_mismatch_cpu,x_span_target90_inverse,1140,8,117.0,12.0,False,2,True,False,True,"10,1,2","188,261,273"
target2_close14|seed34|source_mismatch,target2_close14,34,source_mismatch,local2d_detector_baseline_target2_close14_seed34_source_mismatch_cpu,x_span_target110_inverse,1140,8,117.0,12.0,False,2,True,False,True,"10,1,2","188,261,273"
target2_close14|seed34|source_mismatch,target2_close14,34,source_mismatch,local2d_detector_baseline_target2_close14_seed34_source_mismatch_cpu,gap_balance_inverse,1140,8,958.0,42.0,False,1,False,False,True,"4,1,2","249,261,273"
target2_close14|seed34|source_mismatch,target2_close14,34,source_mismatch,local2d_detector_baseline_target2_close14_seed34_source_mismatch_cpu,center250_inverse,1140,8,501.0,16.333333333333343,False,1,False,False,True,"15,1,2","216,261,273"
target2_close50_linear29p5|seed13|nominal,target2_close50_linear29p5,13,nominal,local2d_detector_baseline_target2_close50_linear29p5_seed13_nominal_cpu,score_sum,680,1,269.0,0.7685775128392507,False,1,False,True,False,"2,3,1","250,250,270"
target2_close50_linear29p5|seed13|nominal,target2_close50_linear29p5,13,nominal,local2d_detector_baseline_target2_close50_linear29p5_seed13_nominal_cpu,score_span_bonus,680,1,129.0,0.4344821933863372,False,0,False,False,False,"7,2,1","184,250,270"
target2_close50_linear29p5|seed13|nominal,target2_close50_linear29p5,13,nominal,local2d_detector_baseline_target2_close50_linear29p5_seed13_nominal_cpu,score_min,680,1,387.0,0.44002478404168077,False,1,False,True,False,"2,3,1","250,250,270"
target2_close50_linear29p5|seed13|nominal,target2_close50_linear29p5,13,nominal,local2d_detector_baseline_target2_close50_linear29p5_seed13_nominal_cpu,score_min_span,680,1,276.0,0.23092946458876695,False,0,False,False,False,"7,1,6","184,270,299"
target2_close50_linear29p5|seed13|nominal,target2_close50_linear29p5,13,nominal,local2d_detector_baseline_target2_close50_linear29p5_seed13_nominal_cpu,score_balanced,680,1,145.0,0.44198219338633704,False,0,False,False,False,"7,2,1","184,250,270"
target2_close50_linear29p5|seed13|nominal,target2_close50_linear29p5,13,nominal,local2d_detector_baseline_target2_close50_linear29p5_seed13_nominal_cpu,score_mask,680,1,160.0,0.08483597314553498,False,1,False,True,False,"3,1,6","250,270,299"
target2_close50_linear29p5|seed13|nominal,target2_close50_linear29p5,13,nominal,local2d_detector_baseline_target2_close50_linear29p5_seed13_nominal_cpu,score_component_sum,680,1,304.0,0.28244935256332815,False,1,False,True,False,"2,3,1","250,250,270"
target2_close50_linear29p5|seed13|nominal,target2_close50_linear29p5,13,nominal,local2d_detector_baseline_target2_close50_linear29p5_seed13_nominal_cpu,score_component_min,680,1,387.0,0.1664036941749124,False,1,False,True,False,"2,3,1","250,250,270"
target2_close50_linear29p5|seed13|nominal,target2_close50_linear29p5,13,nominal,local2d_detector_baseline_target2_close50_linear29p5_seed13_nominal_cpu,score_component_mean_min,680,1,391.0,0.2605534783626884,False,1,False,True,False,"2,3,1","250,250,270"
target2_close50_linear29p5|seed13|nominal,target2_close50_linear29p5,13,nominal,local2d_detector_baseline_target2_close50_linear29p5_seed13_nominal_cpu,score_component_floor_span,680,1,184.0,0.09623598187729526,False,0,False,False,False,"7,1,10","184,270,301"
target2_close50_linear29p5|seed13|nominal,target2_close50_linear29p5,13,nominal,local2d_detector_baseline_target2_close50_linear29p5_seed13_nominal_cpu,score_component_balanced,680,1,151.0,0.19229359526595302,False,0,False,False,False,"7,1,6","184,270,299"
target2_close50_linear29p5|seed13|nominal,target2_close50_linear29p5,13,nominal,local2d_detector_baseline_target2_close50_linear29p5_seed13_nominal_cpu,score_component_left_floor,680,1,287.0,0.17665104249833918,False,0,False,False,False,"7,1,10","184,270,301"
target2_close50_linear29p5|seed13|nominal,target2_close50_linear29p5,13,nominal,local2d_detector_baseline_target2_close50_linear29p5_seed13_nominal_cpu,score_hybrid_span_component,680,1,168.0,0.509897254007381,False,0,False,False,False,"7,2,1","184,250,270"
target2_close50_linear29p5|seed13|nominal,target2_close50_linear29p5,13,nominal,local2d_detector_baseline_target2_close50_linear29p5_seed13_nominal_cpu,rank_sum_inverse,680,1,314.0,20.0,False,1,False,True,False,"2,3,1","250,250,270"
target2_close50_linear29p5|seed13|nominal,target2_close50_linear29p5,13,nominal,local2d_detector_baseline_target2_close50_linear29p5_seed13_nominal_cpu,max_rank_inverse,680,1,387.0,12.0,False,1,False,True,False,"2,3,1","250,250,270"
target2_close50_linear29p5|seed13|nominal,target2_close50_linear29p5,13,nominal,local2d_detector_baseline_target2_close50_linear29p5_seed13_nominal_cpu,x_span_width,680,1,132.0,13.0,False,0,False,False,False,"12,1,10","181,270,301"
target2_close50_linear29p5|seed13|nominal,target2_close50_linear29p5,13,nominal,local2d_detector_baseline_target2_close50_linear29p5_seed13_nominal_cpu,x_span_target70_inverse,680,1,462.0,37.0,False,0,False,False,False,"14,1,6","229,270,299"
target2_close50_linear29p5|seed13|nominal,target2_close50_linear29p5,13,nominal,local2d_detector_baseline_target2_close50_linear29p5_seed13_nominal_cpu,x_span_target80_inverse,680,1,361.0,27.0,False,0,False,False,False,"13,1,10","221,270,301"
target2_close50_linear29p5|seed13|nominal,target2_close50_linear29p5,13,nominal,local2d_detector_baseline_target2_close50_linear29p5_seed13_nominal_cpu,x_span_target90_inverse,680,1,238.0,17.0,False,0,False,False,False,"12,1,4","181,270,271"
target2_close50_linear29p5|seed13|nominal,target2_close50_linear29p5,13,nominal,local2d_detector_baseline_target2_close50_linear29p5_seed13_nominal_cpu,x_span_target110_inverse,680,1,60.0,3.0,False,1,False,False,True,"7,1,8","184,270,294"
target2_close50_linear29p5|seed13|nominal,target2_close50_linear29p5,13,nominal,local2d_detector_baseline_target2_close50_linear29p5_seed13_nominal_cpu,gap_balance_inverse,680,1,211.0,19.0,False,0,False,False,False,"14,2,4","229,250,271"
target2_close50_linear29p5|seed13|nominal,target2_close50_linear29p5,13,nominal,local2d_detector_baseline_target2_close50_linear29p5_seed13_nominal_cpu,center250_inverse,680,1,142.0,6.333333333333343,False,0,False,False,False,"12,1,6","181,270,299"
target2_close50_linear29p5|seed13|source_mismatch,target2_close50_linear29p5,13,source_mismatch,local2d_detector_baseline_target2_close50_linear29p5_seed13_source_mismatch_cpu,score_sum,680,1,192.0,0.5242888813777311,False,1,False,True,False,"3,1,2","253,257,258"
target2_close50_linear29p5|seed13|source_mismatch,target2_close50_linear29p5,13,source_mismatch,local2d_detector_baseline_target2_close50_linear29p5_seed13_source_mismatch_cpu,score_span_bonus,680,1,17.0,0.12278931150049699,False,1,False,True,False,"9,1,2","187,257,258"
target2_close50_linear29p5|seed13|source_mismatch,target2_close50_linear29p5,13,source_mismatch,local2d_detector_baseline_target2_close50_linear29p5_seed13_source_mismatch_cpu,score_min,680,1,395.0,0.23125249711290508,False,1,False,True,False,"3,1,2","253,257,258"
target2_close50_linear29p5|seed13|source_mismatch,target2_close50_linear29p5,13,source_mismatch,local2d_detector_baseline_target2_close50_linear29p5_seed13_source_mismatch_cpu,score_min_span,680,1,44.0,0.06711632933618761,False,1,False,False,True,"9,1,11","187,257,305"
target2_close50_linear29p5|seed13|source_mismatch,target2_close50_linear29p5,13,source_mismatch,local2d_detector_baseline_target2_close50_linear29p5_seed13_source_mismatch_cpu,score_balanced,680,1,27.0,0.15478931150049657,False,1,False,True,False,"9,1,2","187,257,258"
target2_close50_linear29p5|seed13|source_mismatch,target2_close50_linear29p5,13,source_mismatch,local2d_detector_baseline_target2_close50_linear29p5_seed13_source_mismatch_cpu,score_mask,680,1,145.0,0.08678578871715847,False,1,False,True,False,"1,2,4","257,258,277"
target2_close50_linear29p5|seed13|source_mismatch,target2_close50_linear29p5,13,source_mismatch,local2d_detector_baseline_target2_close50_linear29p5_seed13_source_mismatch_cpu,score_component_sum,680,1,195.0,0.2040714604061481,False,1,False,True,False,"1,2,4","257,258,277"
target2_close50_linear29p5|seed13|source_mismatch,target2_close50_linear29p5,13,source_mismatch,local2d_detector_baseline_target2_close50_linear29p5_seed13_source_mismatch_cpu,score_component_min,680,1,395.0,0.0953303446455176,False,1,False,True,False,"1,2,4","257,258,277"
target2_close50_linear29p5|seed13|source_mismatch,target2_close50_linear29p5,13,source_mismatch,local2d_detector_baseline_target2_close50_linear29p5_seed13_source_mismatch_cpu,score_component_mean_min,680,1,263.0,0.16335416478090026,False,1,False,True,False,"1,2,4","257,258,277"
target2_close50_linear29p5|seed13|source_mismatch,target2_close50_linear29p5,13,source_mismatch,local2d_detector_baseline_target2_close50_linear29p5_seed13_source_mismatch_cpu,score_component_floor_span,680,1,13.0,0.006385961330497625,False,1,False,False,True,"9,1,11","187,257,305"
target2_close50_linear29p5|seed13|source_mismatch,target2_close50_linear29p5,13,source_mismatch,local2d_detector_baseline_target2_close50_linear29p5_seed13_source_mismatch_cpu,score_component_balanced,680,1,6.0,0.031429901380468195,False,1,False,False,True,"9,1,11","187,257,305"
target2_close50_linear29p5|seed13|source_mismatch,target2_close50_linear29p5,13,source_mismatch,local2d_detector_baseline_target2_close50_linear29p5_seed13_source_mismatch_cpu,score_component_left_floor,680,1,35.0,0.022771922660995148,False,1,False,False,True,"9,1,11","187,257,305"
target2_close50_linear29p5|seed13|source_mismatch,target2_close50_linear29p5,13,source_mismatch,local2d_detector_baseline_target2_close50_linear29p5_seed13_source_mismatch_cpu,score_hybrid_span_component,680,1,22.0,0.14167527283099446,False,1,False,True,False,"9,1,2","187,257,258"
target2_close50_linear29p5|seed13|source_mismatch,target2_close50_linear29p5,13,source_mismatch,local2d_detector_baseline_target2_close50_linear29p5_seed13_source_mismatch_cpu,rank_sum_inverse,680,1,373.0,22.0,False,1,False,True,False,"3,1,2","253,257,258"
target2_close50_linear29p5|seed13|source_mismatch,target2_close50_linear29p5,13,source_mismatch,local2d_detector_baseline_target2_close50_linear29p5_seed13_source_mismatch_cpu,max_rank_inverse,680,1,395.0,12.0,False,1,False,True,False,"3,1,2","253,257,258"
target2_close50_linear29p5|seed13|source_mismatch,target2_close50_linear29p5,13,source_mismatch,local2d_detector_baseline_target2_close50_linear29p5_seed13_source_mismatch_cpu,x_span_width,680,1,2.0,0.0,False,2,True,False,True,"15,1,11","182,257,305"
target2_close50_linear29p5|seed13|source_mismatch,target2_close50_linear29p5,13,source_mismatch,local2d_detector_baseline_target2_close50_linear29p5_seed13_source_mismatch_cpu,x_span_target70_inverse,680,1,662.0,53.0,False,0,False,False,False,"9,3,1","187,253,257"
target2_close50_linear29p5|seed13|source_mismatch,target2_close50_linear29p5,13,source_mismatch,local2d_detector_baseline_target2_close50_linear29p5_seed13_source_mismatch_cpu,x_span_target80_inverse,680,1,590.0,39.0,False,2,True,True,False,"15,1,2","182,257,258"
target2_close50_linear29p5|seed13|source_mismatch,target2_close50_linear29p5,13,source_mismatch,local2d_detector_baseline_target2_close50_linear29p5_seed13_source_mismatch_cpu,x_span_target90_inverse,680,1,455.0,33.0,False,0,False,False,False,"9,1,4","187,257,277"
target2_close50_linear29p5|seed13|source_mismatch,target2_close50_linear29p5,13,source_mismatch,local2d_detector_baseline_target2_close50_linear29p5_seed13_source_mismatch_cpu,x_span_target110_inverse,680,1,116.0,10.0,False,0,False,False,False,"9,1,10","187,257,300"
target2_close50_linear29p5|seed13|source_mismatch,target2_close50_linear29p5,13,source_mismatch,local2d_detector_baseline_target2_close50_linear29p5_seed13_source_mismatch_cpu,gap_balance_inverse,680,1,348.0,29.0,False,0,False,False,False,"6,8,1","213,235,257"
target2_close50_linear29p5|seed13|source_mismatch,target2_close50_linear29p5,13,source_mismatch,local2d_detector_baseline_target2_close50_linear29p5_seed13_source_mismatch_cpu,center250_inverse,680,1,54.0,1.6666666666666572,False,1,False,True,False,"8,1,2","235,257,258"
target2_close50_linear29p5|seed21|nominal,target2_close50_linear29p5,21,nominal,local2d_detector_baseline_target2_close50_linear29p5_seed21_nominal_cpu,score_sum,1140,2,351.0,0.7239585597376355,False,1,False,True,False,"1,3,2","253,256,272"
target2_close50_linear29p5|seed21|nominal,target2_close50_linear29p5,21,nominal,local2d_detector_baseline_target2_close50_linear29p5_seed21_nominal_cpu,score_span_bonus,1140,2,104.0,0.3451689186972895,False,0,False,False,False,"10,1,2","183,253,272"
target2_close50_linear29p5|seed21|nominal,target2_close50_linear29p5,21,nominal,local2d_detector_baseline_target2_close50_linear29p5_seed21_nominal_cpu,score_min,1140,2,693.0,0.4082279256208454,False,1,False,True,False,"1,3,2","253,256,272"
target2_close50_linear29p5|seed21|nominal,target2_close50_linear29p5,21,nominal,local2d_detector_baseline_target2_close50_linear29p5_seed21_nominal_cpu,score_min_span,1140,2,180.0,0.17322792562084555,False,1,False,True,False,"1,3,2","253,256,272"
target2_close50_linear29p5|seed21|nominal,target2_close50_linear29p5,21,nominal,local2d_detector_baseline_target2_close50_linear29p5_seed21_nominal_cpu,score_balanced,1140,2,135.0,0.3664585597376355,False,1,False,True,False,"1,3,2","253,256,272"
target2_close50_linear29p5|seed21|nominal,target2_close50_linear29p5,21,nominal,local2d_detector_baseline_target2_close50_linear29p5_seed21_nominal_cpu,score_mask,1140,2,309.0,0.09958461832741461,False,1,False,True,False,"1,3,5","253,256,279"
target2_close50_linear29p5|seed21|nominal,target2_close50_linear29p5,21,nominal,local2d_detector_baseline_target2_close50_linear29p5_seed21_nominal_cpu,score_component_sum,1140,2,452.0,0.2621959581506853,False,1,False,True,False,"1,3,2","253,256,272"
target2_close50_linear29p5|seed21|nominal,target2_close50_linear29p5,21,nominal,local2d_detector_baseline_target2_close50_linear29p5_seed21_nominal_cpu,score_component_min,1140,2,693.0,0.14582871828158753,False,1,False,True,False,"1,3,2","253,256,272"
target2_close50_linear29p5|seed21|nominal,target2_close50_linear29p5,21,nominal,local2d_detector_baseline_target2_close50_linear29p5_seed21_nominal_cpu,score_component_mean_min,1140,2,580.0,0.23322737099848267,False,1,False,True,False,"1,3,2","253,256,272"
target2_close50_linear29p5|seed21|nominal,target2_close50_linear29p5,21,nominal,local2d_detector_baseline_target2_close50_linear29p5_seed21_nominal_cpu,score_component_floor_span,1140,2,81.0,0.059972890631889264,False,1,False,False,True,"10,1,11","183,253,301"
target2_close50_linear29p5|seed21|nominal,target2_close50_linear29p5,21,nominal,local2d_detector_baseline_target2_close50_linear29p5_seed21_nominal_cpu,score_component_balanced,1140,2,56.0,0.12197581320927586,False,1,False,False,True,"10,2,11","183,272,301"
target2_close50_linear29p5|seed21|nominal,target2_close50_linear29p5,21,nominal,local2d_detector_baseline_target2_close50_linear29p5_seed21_nominal_cpu,score_component_left_floor,1140,2,170.0,0.10994578126377852,False,1,False,False,True,"10,1,11","183,253,301"
target2_close50_linear29p5|seed21|nominal,target2_close50_linear29p5,21,nominal,local2d_detector_baseline_target2_close50_linear29p5_seed21_nominal_cpu,score_hybrid_span_component,1140,2,119.0,0.41478727801922366,False,1,False,True,False,"1,3,2","253,256,272"
target2_close50_linear29p5|seed21|nominal,target2_close50_linear29p5,21,nominal,local2d_detector_baseline_target2_close50_linear29p5_seed21_nominal_cpu,rank_sum_inverse,1140,2,384.0,21.0,False,1,False,True,False,"1,3,2","253,256,272"
target2_close50_linear29p5|seed21|nominal,target2_close50_linear29p5,21,nominal,local2d_detector_baseline_target2_close50_linear29p5_seed21_nominal_cpu,max_rank_inverse,1140,2,693.0,15.0,False,1,False,True,False,"1,3,2","253,256,272"
target2_close50_linear29p5|seed21|nominal,target2_close50_linear29p5,21,nominal,local2d_detector_baseline_target2_close50_linear29p5_seed21_nominal_cpu,x_span_width,1140,2,71.0,7.0,False,0,False,False,False,"10,1,16","183,253,303"
target2_close50_linear29p5|seed21|nominal,target2_close50_linear29p5,21,nominal,local2d_detector_baseline_target2_close50_linear29p5_seed21_nominal_cpu,x_span_target70_inverse,1140,2,877.0,40.0,False,0,False,False,False,"10,4,1","183,251,253"
target2_close50_linear29p5|seed21|nominal,target2_close50_linear29p5,21,nominal,local2d_detector_baseline_target2_close50_linear29p5_seed21_nominal_cpu,x_span_target80_inverse,1140,2,679.0,28.0,False,0,False,False,False,"19,1,2","190,253,272"
target2_close50_linear29p5|seed21|nominal,target2_close50_linear29p5,21,nominal,local2d_detector_baseline_target2_close50_linear29p5_seed21_nominal_cpu,x_span_target90_inverse,1140,2,424.0,20.0,False,0,False,False,False,"10,1,9","183,253,273"
target2_close50_linear29p5|seed21|nominal,target2_close50_linear29p5,21,nominal,local2d_detector_baseline_target2_close50_linear29p5_seed21_nominal_cpu,x_span_target110_inverse,1140,2,15.0,0.0,False,0,False,False,False,"10,1,8","183,253,293"
target2_close50_linear29p5|seed21|nominal,target2_close50_linear29p5,21,nominal,local2d_detector_baseline_target2_close50_linear29p5_seed21_nominal_cpu,gap_balance_inverse,1140,2,501.0,23.0,False,0,False,False,False,"4,2,8","251,272,293"
target2_close50_linear29p5|seed21|nominal,target2_close50_linear29p5,21,nominal,local2d_detector_baseline_target2_close50_linear29p5_seed21_nominal_cpu,center250_inverse,1140,2,37.0,1.6666666666666572,False,0,False,False,False,"20,12,16","211,236,303"
target2_close50_linear29p5|seed21|source_mismatch,target2_close50_linear29p5,21,source_mismatch,local2d_detector_baseline_target2_close50_linear29p5_seed21_source_mismatch_cpu,score_sum,1140,2,83.0,0.412216897143749,False,1,False,True,False,"1,2,3","252,253,272"
target2_close50_linear29p5|seed21|source_mismatch,target2_close50_linear29p5,21,source_mismatch,local2d_detector_baseline_target2_close50_linear29p5_seed21_source_mismatch_cpu,score_span_bonus,1140,2,6.0,0.05033042760381168,False,1,False,True,False,"8,1,3","183,252,272"
target2_close50_linear29p5|seed21|source_mismatch,target2_close50_linear29p5,21,source_mismatch,local2d_detector_baseline_target2_close50_linear29p5_seed21_source_mismatch_cpu,score_min,1140,2,182.0,0.17745990423027225,False,1,False,True,False,"1,2,3","252,253,272"
target2_close50_linear29p5|seed21|source_mismatch,target2_close50_linear29p5,21,source_mismatch,local2d_detector_baseline_target2_close50_linear29p5_seed21_source_mismatch_cpu,score_min_span,1140,2,11.0,0.019328871534573744,False,2,False,True,True,"8,1,9","183,252,303"
target2_close50_linear29p5|seed21|source_mismatch,target2_close50_linear29p5,21,source_mismatch,local2d_detector_baseline_target2_close50_linear29p5_seed21_source_mismatch_cpu,score_balanced,1140,2,9.0,0.05833042760381124,False,1,False,True,False,"8,1,3","183,252,272"
target2_close50_linear29p5|seed21|source_mismatch,target2_close50_linear29p5,21,source_mismatch,local2d_detector_baseline_target2_close50_linear29p5_seed21_source_mismatch_cpu,score_mask,1140,2,147.0,0.09939107110914736,False,1,False,True,False,"1,3,5","252,272,294"
target2_close50_linear29p5|seed21|source_mismatch,target2_close50_linear29p5,21,source_mismatch,local2d_detector_baseline_target2_close50_linear29p5_seed21_source_mismatch_cpu,score_component_sum,1140,2,119.0,0.1864212416684875,False,1,False,True,False,"1,2,3","252,253,272"
target2_close50_linear29p5|seed21|source_mismatch,target2_close50_linear29p5,21,source_mismatch,local2d_detector_baseline_target2_close50_linear29p5_seed21_source_mismatch_cpu,score_component_min,1140,2,135.0,0.08593025175804633,False,1,False,True,False,"1,2,3","252,253,272"
target2_close50_linear29p5|seed21|source_mismatch,target2_close50_linear29p5,21,source_mismatch,local2d_detector_baseline_target2_close50_linear29p5_seed21_source_mismatch_cpu,score_component_mean_min,1140,2,102.0,0.14807066564754223,False,1,False,True,False,"1,2,3","252,253,272"
target2_close50_linear29p5|seed21|source_mismatch,target2_close50_linear29p5,21,source_mismatch,local2d_detector_baseline_target2_close50_linear29p5_seed21_source_mismatch_cpu,score_component_floor_span,1140,2,12.0,0.014125072543516026,False,2,False,True,True,"8,1,9","183,252,303"
target2_close50_linear29p5|seed21|source_mismatch,target2_close50_linear29p5,21,source_mismatch,local2d_detector_baseline_target2_close50_linear29p5_seed21_source_mismatch_cpu,score_component_balanced,1140,2,3.0,0.02075014508703199,False,2,False,True,True,"8,1,9","183,252,303"
target2_close50_linear29p5|seed21|source_mismatch,target2_close50_linear29p5,21,source_mismatch,local2d_detector_baseline_target2_close50_linear29p5_seed21_source_mismatch_cpu,score_component_left_floor,1140,2,14.0,0.018250145087031933,False,2,False,True,True,"8,1,9","183,252,303"
target2_close50_linear29p5|seed21|source_mismatch,target2_close50_linear29p5,21,source_mismatch,local2d_detector_baseline_target2_close50_linear29p5_seed21_source_mismatch_cpu,score_hybrid_span_component,1140,2,7.0,0.05195550014732753,False,1,False,True,False,"8,1,3","183,252,272"
target2_close50_linear29p5|seed21|source_mismatch,target2_close50_linear29p5,21,source_mismatch,local2d_detector_baseline_target2_close50_linear29p5_seed21_source_mismatch_cpu,rank_sum_inverse,1140,2,185.0,16.0,False,1,False,True,False,"1,2,3","252,253,272"
target2_close50_linear29p5|seed21|source_mismatch,target2_close50_linear29p5,21,source_mismatch,local2d_detector_baseline_target2_close50_linear29p5_seed21_source_mismatch_cpu,max_rank_inverse,1140,2,182.0,9.0,False,1,False,True,False,"1,2,3","252,253,272"
target2_close50_linear29p5|seed21|source_mismatch,target2_close50_linear29p5,21,source_mismatch,local2d_detector_baseline_target2_close50_linear29p5_seed21_source_mismatch_cpu,x_span_width,1140,2,52.0,8.0,False,2,False,True,True,"17,1,9","180,252,303"
target2_close50_linear29p5|seed21|source_mismatch,target2_close50_linear29p5,21,source_mismatch,local2d_detector_baseline_target2_close50_linear29p5_seed21_source_mismatch_cpu,x_span_target70_inverse,1140,2,979.0,45.0,False,1,False,True,False,"8,1,2","183,252,253"
target2_close50_linear29p5|seed21|source_mismatch,target2_close50_linear29p5,21,source_mismatch,local2d_detector_baseline_target2_close50_linear29p5_seed21_source_mismatch_cpu,x_span_target80_inverse,1140,2,794.0,32.0,False,1,False,True,False,"7,1,5","217,252,294"
target2_close50_linear29p5|seed21|source_mismatch,target2_close50_linear29p5,21,source_mismatch,local2d_detector_baseline_target2_close50_linear29p5_seed21_source_mismatch_cpu,x_span_target90_inverse,1140,2,606.0,25.0,False,1,False,True,False,"8,1,6","183,252,273"
target2_close50_linear29p5|seed21|source_mismatch,target2_close50_linear29p5,21,source_mismatch,local2d_detector_baseline_target2_close50_linear29p5_seed21_source_mismatch_cpu,x_span_target110_inverse,1140,2,121.0,4.0,False,1,False,True,False,"8,1,5","183,252,294"
target2_close50_linear29p5|seed21|source_mismatch,target2_close50_linear29p5,21,source_mismatch,local2d_detector_baseline_target2_close50_linear29p5_seed21_source_mismatch_cpu,gap_balance_inverse,1140,2,253.0,13.0,False,1,False,True,False,"1,6,5","252,273,294"
target2_close50_linear29p5|seed21|source_mismatch,target2_close50_linear29p5,21,source_mismatch,local2d_detector_baseline_target2_close50_linear29p5_seed21_source_mismatch_cpu,center250_inverse,1140,2,85.0,2.0,False,0,False,False,False,"8,6,5","183,273,294"
target2_close50_linear29p5|seed34|nominal,target2_close50_linear29p5,34,nominal,local2d_detector_baseline_target2_close50_linear29p5_seed34_nominal_cpu,score_sum,1140,1,360.0,0.6626956677078542,False,1,False,True,False,"3,2,1","256,257,272"
target2_close50_linear29p5|seed34|nominal,target2_close50_linear29p5,34,nominal,local2d_detector_baseline_target2_close50_linear29p5_seed34_nominal_cpu,score_span_bonus,1140,1,55.0,0.2034172789774522,False,1,False,True,False,"13,2,1","185,257,272"
target2_close50_linear29p5|seed34|nominal,target2_close50_linear29p5,34,nominal,local2d_detector_baseline_target2_close50_linear29p5_seed34_nominal_cpu,score_min,1140,1,481.0,0.3698137365762615,False,1,False,True,False,"3,2,1","256,257,272"
target2_close50_linear29p5|seed34|nominal,target2_close50_linear29p5,34,nominal,local2d_detector_baseline_target2_close50_linear29p5_seed34_nominal_cpu,score_min_span,1140,1,94.0,0.10981373657626148,False,1,False,True,False,"3,2,1","256,257,272"
target2_close50_linear29p5|seed34|nominal,target2_close50_linear29p5,34,nominal,local2d_detector_baseline_target2_close50_linear29p5_seed34_nominal_cpu,score_balanced,1140,1,96.0,0.2536956677078539,False,1,False,True,False,"3,2,1","256,257,272"
target2_close50_linear29p5|seed34|nominal,target2_close50_linear29p5,34,nominal,local2d_detector_baseline_target2_close50_linear29p5_seed34_nominal_cpu,score_mask,1140,1,297.0,0.09656493052213899,False,1,False,True,False,"3,2,5","256,257,279"
target2_close50_linear29p5|seed34|nominal,target2_close50_linear29p5,34,nominal,local2d_detector_baseline_target2_close50_linear29p5_seed34_nominal_cpu,score_component_sum,1140,1,425.0,0.2542845559544389,False,1,False,True,False,"3,2,1","256,257,272"
target2_close50_linear29p5|seed34|nominal,target2_close50_linear29p5,34,nominal,local2d_detector_baseline_target2_close50_linear29p5_seed34_nominal_cpu,score_component_min,1140,1,586.0,0.13210833224614343,False,1,False,True,False,"3,2,1","256,257,272"
target2_close50_linear29p5|seed34|nominal,target2_close50_linear29p5,34,nominal,local2d_detector_baseline_target2_close50_linear29p5_seed34_nominal_cpu,score_component_mean_min,1140,1,498.0,0.21686985089762312,False,1,False,True,False,"3,2,1","256,257,272"
target2_close50_linear29p5|seed34|nominal,target2_close50_linear29p5,34,nominal,local2d_detector_baseline_target2_close50_linear29p5_seed34_nominal_cpu,score_component_floor_span,1140,1,54.0,0.026798313585936318,False,1,False,False,True,"13,1,10","185,272,303"
target2_close50_linear29p5|seed34|nominal,target2_close50_linear29p5,34,nominal,local2d_detector_baseline_target2_close50_linear29p5_seed34_nominal_cpu,score_component_balanced,1140,1,27.0,0.0698716421812855,False,1,False,False,True,"13,1,10","185,272,303"
target2_close50_linear29p5|seed34|nominal,target2_close50_linear29p5,34,nominal,local2d_detector_baseline_target2_close50_linear29p5_seed34_nominal_cpu,score_component_left_floor,1140,1,56.0,0.05759662717187264,False,1,False,False,True,"13,1,10","185,272,303"
target2_close50_linear29p5|seed34|nominal,target2_close50_linear29p5,34,nominal,local2d_detector_baseline_target2_close50_linear29p5_seed34_nominal_cpu,score_hybrid_span_component,1140,1,77.0,0.27480399995399774,False,1,False,True,False,"3,2,1","256,257,272"
target2_close50_linear29p5|seed34|nominal,target2_close50_linear29p5,34,nominal,local2d_detector_baseline_target2_close50_linear29p5_seed34_nominal_cpu,rank_sum_inverse,1140,1,416.0,22.0,False,1,False,True,False,"3,2,1","256,257,272"
target2_close50_linear29p5|seed34|nominal,target2_close50_linear29p5,34,nominal,local2d_detector_baseline_target2_close50_linear29p5_seed34_nominal_cpu,max_rank_inverse,1140,1,481.0,13.0,False,1,False,True,False,"3,2,1","256,257,272"
target2_close50_linear29p5|seed34|nominal,target2_close50_linear29p5,34,nominal,local2d_detector_baseline_target2_close50_linear29p5_seed34_nominal_cpu,x_span_width,1140,1,53.0,3.0,False,1,True,False,False,"16,1,14","183,272,306"
target2_close50_linear29p5|seed34|nominal,target2_close50_linear29p5,34,nominal,local2d_detector_baseline_target2_close50_linear29p5_seed34_nominal_cpu,x_span_target70_inverse,1140,1,1032.0,50.0,False,0,False,False,False,"8,1,14","236,272,306"
target2_close50_linear29p5|seed34|nominal,target2_close50_linear29p5,34,nominal,local2d_detector_baseline_target2_close50_linear29p5_seed34_nominal_cpu,x_span_target80_inverse,1140,1,893.0,39.0,False,0,False,False,False,"15,1,9","215,272,296"
target2_close50_linear29p5|seed34|nominal,target2_close50_linear29p5,34,nominal,local2d_detector_baseline_target2_close50_linear29p5_seed34_nominal_cpu,x_span_target90_inverse,1140,1,624.0,29.0,False,0,False,False,False,"15,1,14","215,272,306"
target2_close50_linear29p5|seed34|nominal,target2_close50_linear29p5,34,nominal,local2d_detector_baseline_target2_close50_linear29p5_seed34_nominal_cpu,x_span_target110_inverse,1140,1,77.0,9.0,False,0,False,False,False,"13,1,9","185,272,296"
target2_close50_linear29p5|seed34|nominal,target2_close50_linear29p5,34,nominal,local2d_detector_baseline_target2_close50_linear29p5_seed34_nominal_cpu,gap_balance_inverse,1140,1,586.0,28.0,False,1,False,True,False,"11,2,14","208,257,306"
target2_close50_linear29p5|seed34|nominal,target2_close50_linear29p5,34,nominal,local2d_detector_baseline_target2_close50_linear29p5_seed34_nominal_cpu,center250_inverse,1140,1,84.0,2.333333333333343,False,1,False,True,False,"7,3,2","237,256,257"
target2_close50_linear29p5|seed34|source_mismatch,target2_close50_linear29p5,34,source_mismatch,local2d_detector_baseline_target2_close50_linear29p5_seed34_source_mismatch_cpu,score_sum,560,2,94.0,0.49424069796890135,False,1,False,True,False,"3,1,2","248,250,270"
target2_close50_linear29p5|seed34|source_mismatch,target2_close50_linear29p5,34,source_mismatch,local2d_detector_baseline_target2_close50_linear29p5_seed34_source_mismatch_cpu,score_span_bonus,560,2,15.0,0.1815729170734346,False,1,False,True,False,"8,1,2","181,250,270"
target2_close50_linear29p5|seed34|source_mismatch,target2_close50_linear29p5,34,source_mismatch,local2d_detector_baseline_target2_close50_linear29p5_seed34_source_mismatch_cpu,score_min,560,2,231.0,0.29648737879446085,False,1,False,True,False,"3,1,2","248,250,270"
target2_close50_linear29p5|seed34|source_mismatch,target2_close50_linear29p5,34,source_mismatch,local2d_detector_baseline_target2_close50_linear29p5_seed34_source_mismatch_cpu,score_min_span,560,2,67.0,0.10631959789899426,False,2,False,True,True,"8,1,7","181,250,295"
target2_close50_linear29p5|seed34|source_mismatch,target2_close50_linear29p5,34,source_mismatch,local2d_detector_baseline_target2_close50_linear29p5_seed34_source_mismatch_cpu,score_balanced,560,2,22.0,0.19257291707343427,False,1,False,True,False,"8,1,2","181,250,270"
target2_close50_linear29p5|seed34|source_mismatch,target2_close50_linear29p5,34,source_mismatch,local2d_detector_baseline_target2_close50_linear29p5_seed34_source_mismatch_cpu,score_mask,560,2,77.0,0.08911157750678383,False,1,False,True,False,"1,2,4","250,270,291"
target2_close50_linear29p5|seed34|source_mismatch,target2_close50_linear29p5,34,source_mismatch,local2d_detector_baseline_target2_close50_linear29p5_seed34_source_mismatch_cpu,score_component_sum,560,2,119.0,0.17395010031381197,False,1,False,True,False,"3,1,2","248,250,270"
target2_close50_linear29p5|seed34|source_mismatch,target2_close50_linear29p5,34,source_mismatch,local2d_detector_baseline_target2_close50_linear29p5_seed34_source_mismatch_cpu,score_component_min,560,2,231.0,0.10953172033029845,False,1,False,True,False,"3,1,2","248,250,270"
target2_close50_linear29p5|seed34|source_mismatch,target2_close50_linear29p5,34,source_mismatch,local2d_detector_baseline_target2_close50_linear29p5_seed34_source_mismatch_cpu,score_component_mean_min,560,2,202.0,0.16751508710156915,False,1,False,True,False,"3,1,2","248,250,270"
target2_close50_linear29p5|seed34|source_mismatch,target2_close50_linear29p5,34,source_mismatch,local2d_detector_baseline_target2_close50_linear29p5_seed34_source_mismatch_cpu,score_component_floor_span,560,2,41.0,0.03582010910911543,False,2,False,True,True,"8,1,7","181,250,295"
target2_close50_linear29p5|seed34|source_mismatch,target2_close50_linear29p5,34,source_mismatch,local2d_detector_baseline_target2_close50_linear29p5_seed34_source_mismatch_cpu,score_component_balanced,560,2,10.0,0.07014021821823091,False,2,False,True,True,"8,1,7","181,250,295"
target2_close50_linear29p5|seed34|source_mismatch,target2_close50_linear29p5,34,source_mismatch,local2d_detector_baseline_target2_close50_linear29p5_seed34_source_mismatch_cpu,score_component_left_floor,560,2,44.0,0.06964021821823085,False,2,False,True,True,"8,1,7","181,250,295"
target2_close50_linear29p5|seed34|source_mismatch,target2_close50_linear29p5,34,source_mismatch,local2d_detector_baseline_target2_close50_linear29p5_seed34_source_mismatch_cpu,score_hybrid_span_component,560,2,23.0,0.2148930261825499,False,1,False,True,False,"8,1,2","181,250,270"
target2_close50_linear29p5|seed34|source_mismatch,target2_close50_linear29p5,34,source_mismatch,local2d_detector_baseline_target2_close50_linear29p5_seed34_source_mismatch_cpu,rank_sum_inverse,560,2,163.0,15.0,False,1,False,True,False,"3,1,2","248,250,270"
target2_close50_linear29p5|seed34|source_mismatch,target2_close50_linear29p5,34,source_mismatch,local2d_detector_baseline_target2_close50_linear29p5_seed34_source_mismatch_cpu,max_rank_inverse,560,2,231.0,10.0,False,1,False,True,False,"3,1,2","248,250,270"
target2_close50_linear29p5|seed34|source_mismatch,target2_close50_linear29p5,34,source_mismatch,local2d_detector_baseline_target2_close50_linear29p5_seed34_source_mismatch_cpu,x_span_width,560,2,41.0,2.0,False,1,False,True,False,"8,1,12","181,250,296"
target2_close50_linear29p5|seed34|source_mismatch,target2_close50_linear29p5,34,source_mismatch,local2d_detector_baseline_target2_close50_linear29p5_seed34_source_mismatch_cpu,x_span_target70_inverse,560,2,458.0,42.0,False,1,False,True,False,"8,3,1","181,248,250"
target2_close50_linear29p5|seed34|source_mismatch,target2_close50_linear29p5,34,source_mismatch,local2d_detector_baseline_target2_close50_linear29p5_seed34_source_mismatch_cpu,x_span_target80_inverse,560,2,372.0,32.0,False,1,False,True,False,"5,1,4","212,250,291"
target2_close50_linear29p5|seed34|source_mismatch,target2_close50_linear29p5,34,source_mismatch,local2d_detector_baseline_target2_close50_linear29p5_seed34_source_mismatch_cpu,x_span_target90_inverse,560,2,243.0,23.0,False,1,False,True,False,"8,1,6","181,250,271"
target2_close50_linear29p5|seed34|source_mismatch,target2_close50_linear29p5,34,source_mismatch,local2d_detector_baseline_target2_close50_linear29p5_seed34_source_mismatch_cpu,x_span_target110_inverse,560,2,47.0,3.0,False,1,False,True,False,"8,1,4","181,250,291"
target2_close50_linear29p5|seed34|source_mismatch,target2_close50_linear29p5,34,source_mismatch,local2d_detector_baseline_target2_close50_linear29p5_seed34_source_mismatch_cpu,gap_balance_inverse,560,2,188.0,19.0,False,1,False,True,False,"3,11,1","248,249,250"
target2_close50_linear29p5|seed34|source_mismatch,target2_close50_linear29p5,34,source_mismatch,local2d_detector_baseline_target2_close50_linear29p5_seed34_source_mismatch_cpu,center250_inverse,560,2,140.0,7.666666666666657,False,1,False,True,False,"14,1,6","229,250,271"
